epoch,elapsed,status,plan_id,speed_xy,vz,locked,remaining,kf_age,safety
1791342295.2128413,0.011352777481079102,FOLLOW,0,5.959201058085744,-0.03173542022705078,False,0.0,inf,SAFE
1791342295.2627048,0.06121635437011719,FOLLOW,0,5.955562008796876,-0.03285694122314453,False,0.0,inf,SAFE
1791342295.3129542,0.1114656925201416,FOLLOW,0,5.954070074378699,-0.03390979766845703,False,0.0,inf,SAFE
1791342295.362625,0.16113638877868652,FOLLOW,0,5.952632681507897,-0.03527688980102539,False,0.0,inf,SAFE
1791342295.412765,0.21127653121948242,FOLLOW,0,5.9509938934488735,-0.03627777099609375,False,0.0,inf,SAFE
1791342295.4627287,0.26124024391174316,FOLLOW,0,5.949604878194053,-0.03807401657104492,False,0.0,inf,SAFE
1791342295.5125191,0.31103062629699707,FOLLOW,0,5.947978216403753,-0.03976726531982422,False,0.0,inf,SAFE
1791342295.562807,0.36131858825683594,FOLLOW,0,5.946379845312688,-0.040924072265625,False,0.0,inf,SAFE
1791342295.6126893,0.41120076179504395,FOLLOW,0,5.945172875614502,-0.042844295501708984,False,0.0,inf,SAFE
1791342295.6627712,0.46128273010253906,FOLLOW,0,5.944353942908491,-0.04408454895019531,False,0.0,inf,SAFE
1791342295.7129087,0.5114202499389648,FOLLOW,0,5.94435394290849,-0.04581880569458008,False,0.0,inf,SAFE
1791342295.7627122,0.5612237453460693,FOLLOW,0,5.941959211393447,-0.047005653381347656,False,0.0,inf,SAFE
1791342295.8127217,0.6112332344055176,FOLLOW,0,5.941022454246017,-0.048099517822265625,False,0.0,inf,SAFE
1791342295.8626935,0.6612050533294678,FOLLOW,0,5.9772230225194525,-0.04972267150878906,False,0.0,0.09626245498657227,SAFE
1791342295.912691,0.7112026214599609,FOLLOW,0,6.0132116616212565,-0.050647735595703125,False,0.0,0.09425640106201172,SAFE
1791342295.9630706,0.7615821361541748,FOLLOW,0,6.048449147634902,-0.05161571502685547,False,0.0,0.09663987159729004,SAFE
1791342296.012781,0.8112924098968506,FOLLOW,0,6.084934334505277,-0.05216646194458008,False,0.0,0.04634976387023926,SAFE
1791342296.0628042,0.8613157272338867,FOLLOW,0,6.116992888821398,-0.05210685729980469,False,0.0,0.09637308120727539,SAFE
1791342296.1126008,0.9111123085021973,FOLLOW,0,6.148069840308581,-0.0516352653503418,False,0.0,0.09416961669921875,SAFE
1791342296.1629255,0.9614369869232178,FOLLOW,0,6.1774813794793015,-0.050765037536621094,False,0.0,0.0964958667755127,SAFE
1791342296.2127075,1.0112190246582031,FOLLOW,0,6.2,-0.049025535583496094,False,0.0,0.09427762031555176,SAFE
1791342296.2627385,1.0612499713897705,FOLLOW,0,6.2,-0.0464024543762207,False,0.0,0.09630322456359863,SAFE
1791342296.3127427,1.1112542152404785,FOLLOW,0,6.2,-0.04372215270996094,False,0.0,0.046308279037475586,SAFE
1791342296.3627555,1.1612670421600342,FOLLOW,0,6.2,-0.04172039031982422,False,0.0,0.09632110595703125,SAFE
1791342296.4127028,1.211214303970337,FOLLOW,0,6.199999999999999,-0.03968095779418945,False,0.0,0.09427666664123535,SAFE
1791342296.4628007,1.2613122463226318,FOLLOW,0,6.2,-0.03680086135864258,False,0.0,0.09637022018432617,SAFE
1791342296.5127091,1.311220645904541,FOLLOW,0,6.200000000000001,-0.03534555435180664,False,0.0,0.09428739547729492,SAFE
1791342296.5629048,1.3614163398742676,FOLLOW,0,6.200000000000001,-0.03395366668701172,False,0.0,0.09647274017333984,SAFE
1791342296.6126418,1.4111533164978027,FOLLOW,0,6.200000000000001,-0.03332376480102539,False,0.0,0.09421801567077637,SAFE
1791342296.6628082,1.4613196849822998,FOLLOW,0,6.2,-0.032912254333496094,False,0.0,0.044376373291015625,SAFE
1791342296.7135904,1.5121018886566162,FOLLOW,0,6.200000000000001,-0.03300809860229492,False,0.0,0.047158241271972656,SAFE
1791342296.7626739,1.561185359954834,FOLLOW,0,6.2,-0.03325319290161133,False,0.0,0.044241905212402344,SAFE
1791342296.8128736,1.6113851070404053,FOLLOW,0,6.199999999999999,-0.0337977409362793,False,0.0,0.04644513130187988,SAFE
1791342296.862662,1.6611735820770264,FOLLOW,0,6.200000000000001,-0.03415822982788086,False,0.0,0.09623360633850098,SAFE
1791342296.9126372,1.711148738861084,FOLLOW,0,6.2,-0.03461313247680664,False,0.0,0.046198368072509766,SAFE
1791342296.962584,1.7610955238342285,FOLLOW,0,6.2,-0.03490591049194336,False,0.0,0.044159650802612305,SAFE
1791342297.0126588,1.8111703395843506,FOLLOW,0,6.199999999999999,-0.03508758544921875,False,0.0,0.09423446655273438,SAFE
1791342297.0627596,1.8612711429595947,FOLLOW,0,6.2,-0.0352025032043457,True,0.0,0.09632182121276855,SAFE
1791342297.1126854,1.9111969470977783,FAR_GUIDANCE,0,6.1993856961358205,0.11479749679565432,True,0.0,0.06999540328979492,SAFE
1791342297.1628728,1.9613842964172363,FAR_GUIDANCE,0,6.2,0.26535954475402834,True,0.0,0.07217621803283691,SAFE
1791342297.2127423,2.011253833770752,FAR_GUIDANCE,0,6.200000000000001,0.41535954475402836,True,0.0,0.07004237174987793,SAFE
1791342297.2630737,2.0615851879119873,FAR_GUIDANCE,0,6.2,0.5663536071777344,True,0.0,0.0723721981048584,SAFE
1791342297.3126926,2.111204147338867,FAR_GUIDANCE,0,6.2,0.7163536071777344,True,0.0,0.0699925422668457,SAFE
1791342297.362888,2.1613996028900146,FAR_GUIDANCE,0,6.2,0.8669399738311768,True,0.0,0.0721747875213623,SAFE
1791342297.4126892,2.211200714111328,FAR_GUIDANCE,0,6.2,1.0169399738311768,True,0.0,0.06998896598815918,SAFE
1791342297.4628801,2.2613916397094727,FAR_GUIDANCE,0,6.2,1.1675127506256104,True,0.0,0.07217931747436523,SAFE
1791342297.5126898,2.311201333999634,FAR_GUIDANCE,0,6.2,1.3175127506256104,True,0.0,0.06999397277832031,SAFE
1791342297.5628304,2.361341953277588,FAR_GUIDANCE,0,6.199999999999999,1.4679346084594727,True,0.0,0.07213211059570312,SAFE
1791342297.6127496,2.4112610816955566,FAR_GUIDANCE,0,6.200000000000001,1.6179346084594726,True,0.0,0.07005763053894043,SAFE
1791342297.6628702,2.461381673812866,FAR_GUIDANCE,0,6.2,1.7682963848114013,True,0.0,0.07217884063720703,SAFE
1791342297.7127218,2.511233329772949,FAR_GUIDANCE,0,6.2,1.9182963848114012,True,0.0,0.07001757621765137,SAFE
1791342297.762734,2.5612454414367676,FAR_GUIDANCE,0,6.199999999999999,2.0683327198028563,True,0.0,0.07203960418701172,SAFE
1791342297.8127306,2.6112420558929443,FAR_GUIDANCE,0,6.200000000000001,2.218332719802856,True,0.0,0.07003331184387207,SAFE
1791342297.8627954,2.661306858062744,FAR_GUIDANCE,0,6.2,2.3685271263122556,True,0.0,0.07210159301757812,SAFE
1791342297.9128327,2.7113442420959473,FAR_GUIDANCE,0,6.199999999999999,2.518639278411865,True,0.0,0.07013320922851562,SAFE
1791342297.962797,2.761308431625366,FAR_GUIDANCE,0,6.2,2.668639278411865,True,0.0,0.0720984935760498,SAFE
1791342298.012705,2.8112165927886963,FAR_GUIDANCE,0,6.2,2.818639278411865,True,0.0,0.07000112533569336,SAFE
1791342298.0627913,2.8613028526306152,FAR_GUIDANCE,0,6.200000000000001,2.8058822631835936,True,0.0,0.07209134101867676,SAFE
1791342298.1128328,2.911344289779663,FAR_GUIDANCE,0,6.2,2.705642032623291,True,0.0,0.07012009620666504,SAFE
1791342298.1665878,2.965099334716797,FAR_GUIDANCE,0,6.193578729041067,2.557745265960693,True,0.0,0.05854177474975586,SAFE
1791342298.2128768,3.0113883018493652,FAR_GUIDANCE,0,6.18382267758638,2.448419380187988,True,0.0,0.052817344665527344,SAFE
1791342298.262744,3.06125545501709,FAR_GUIDANCE,0,6.176596356028148,2.298419380187988,True,0.0,0.10268449783325195,SAFE
1791342298.3127382,3.1112496852874756,FAR_GUIDANCE,0,6.166129968562041,2.1615174293518065,True,0.0,0.10468888282775879,SAFE
1791342298.3626723,3.1611838340759277,FAR_GUIDANCE,0,6.150749749526327,2.0115174293518066,True,0.0,0.05461239814758301,SAFE
1791342298.4127507,3.2112622261047363,FAR_GUIDANCE,0,6.135590880653815,1.9067073345184327,True,0.0,0.052694082260131836,SAFE
1791342298.462729,3.2612404823303223,FAR_GUIDANCE,0,6.120841292528069,1.7567073345184325,True,0.0,0.05467987060546875,SAFE
1791342298.5139477,3.3124592304229736,FAR_GUIDANCE,0,6.108247864842295,1.6550369739532471,True,0.0,0.10589861869812012,SAFE
1791342298.5631485,3.3616600036621094,FAR_GUIDANCE,0,6.096678894939997,1.5320287227630616,True,0.0,0.10309314727783203,SAFE
1791342298.6127949,3.411306381225586,FAR_GUIDANCE,0,6.085593641934494,1.4498439311981202,True,0.0,0.05273079872131348,SAFE
1791342298.662538,3.4610495567321777,FAR_GUIDANCE,0,6.076499632372899,1.327843475341797,True,0.0,0.10247397422790527,SAFE
1791342298.7127168,3.511228322982788,FAR_GUIDANCE,0,6.069130415823421,1.257160472869873,True,0.0,0.10466217994689941,SAFE
1791342298.7627883,3.5612998008728027,FAR_GUIDANCE,0,6.063256846136555,1.1649327754974366,True,0.0,0.0547337532043457,SAFE
1791342298.813046,3.6115574836730957,FAR_GUIDANCE,0,6.0595971829731585,1.1035378456115723,True,0.0,0.10499143600463867,SAFE
1791342298.8627875,3.661298990249634,FAR_GUIDANCE,0,6.057620346639634,1.0124078273773194,True,0.0,0.10272812843322754,SAFE
1791342298.9144795,3.7129909992218018,FAR_GUIDANCE,0,6.058143981373591,0.9595358848571778,True,0.0,0.05442619323730469,SAFE
1791342298.9627528,3.7612643241882324,FAR_GUIDANCE,0,6.06039781145161,0.8905985832214356,True,0.0,0.10269951820373535,SAFE
1791342299.01337,3.8118815422058105,FAR_GUIDANCE,0,6.064974858804857,0.8445361137390137,True,0.0,0.10531854629516602,SAFE
1791342299.0627532,3.861264705657959,FAR_GUIDANCE,0,6.071206753477838,0.7758595228195191,True,0.0,0.10269618034362793,SAFE
1791342299.1143758,3.9128873348236084,FAR_GUIDANCE,0,6.080561105644095,0.73594229221344,True,0.0,0.05431938171386719,SAFE
1791342299.1627243,3.961235761642456,FAR_GUIDANCE,0,6.091344490833368,0.683794903755188,True,0.0,0.054674625396728516,SAFE
1791342299.2130349,4.01154637336731,FAR_GUIDANCE,0,6.103594374615818,0.6491238355636597,True,0.0,0.10498523712158203,SAFE
1791342299.2627528,4.061264276504517,FAR_GUIDANCE,0,6.117720992289874,0.5980171442031861,True,0.0,0.054700374603271484,SAFE
1791342299.3127577,4.111269235610962,FAR_GUIDANCE,0,6.133567663998038,0.5684692144393921,True,0.0,0.05270051956176758,SAFE
1791342299.362853,4.161364555358887,FAR_GUIDANCE,0,6.150084424388393,0.5295892238616944,True,0.0,0.054804086685180664,SAFE
1791342299.4128404,4.2113518714904785,FAR_GUIDANCE,0,6.1665102636353035,0.5037600278854371,True,0.0,0.10479140281677246,SAFE
1791342299.4629216,4.261433124542236,FAR_GUIDANCE,0,6.183213368403182,0.4656303405761719,True,0.0,0.054875850677490234,SAFE
1791342299.512943,4.31145453453064,FAR_GUIDANCE,0,6.197210523980052,0.4435829401016236,True,0.0,0.10489726066589355,SAFE
1791342299.5626814,4.361192941665649,FAR_GUIDANCE,0,6.2,0.41491024494171147,True,0.0,0.10262751579284668,SAFE
1791342299.6128561,4.411367654800415,FAR_GUIDANCE,0,6.200000000000001,0.3958330631256104,True,0.0,0.05279803276062012,SAFE
1791342299.6627083,4.461219787597656,FAR_GUIDANCE,0,6.2,0.36743371486663823,True,0.0,0.10265016555786133,SAFE
1791342299.7126648,4.511176347732544,FAR_GUIDANCE,0,6.199999999999999,0.3509165525436402,True,0.0,0.1046147346496582,SAFE
1791342299.7626727,4.5611841678619385,FAR_GUIDANCE,0,6.2,0.3352765321731568,True,0.0,0.08778166770935059,SAFE
1791342299.8126981,4.6112096309661865,FAR_GUIDANCE,0,6.2,0.3145586729049683,True,0.0,0.08980727195739746,SAFE
1791342299.862705,4.661216497421265,FAR_GUIDANCE,0,6.2,0.3004137754440308,True,0.0,0.08780550956726074,SAFE
1791342299.9126396,4.711151123046875,FAR_GUIDANCE,0,6.2,0.27869682312011723,True,0.0,0.08973264694213867,SAFE
1791342299.9627655,4.761276960372925,FAR_GUIDANCE,0,6.2,0.26585786342620854,True,0.0,0.08786535263061523,SAFE
1791342300.0125928,4.8111042976379395,FAR_GUIDANCE,0,6.2,0.24863641262054448,True,0.0,0.0896918773651123,SAFE
1791342300.0629706,4.8614821434021,FAR_GUIDANCE,0,6.2,0.23702840805053715,True,0.0,0.08807492256164551,SAFE
1791342300.1127348,4.911246299743652,FAR_GUIDANCE,0,6.200000000000001,0.21959977149963383,True,0.0,0.08983731269836426,SAFE
1791342300.1627638,4.961275339126587,FAR_GUIDANCE,0,6.2,0.20932321548461919,True,0.0,0.08786821365356445,SAFE
1791342300.2126834,5.011194944381714,FAR_GUIDANCE,0,6.2,0.1956445455551148,True,0.0,0.08977484703063965,SAFE
1791342300.2626958,5.061207294464111,FAR_GUIDANCE,0,6.2,0.1864918947219849,True,0.0,0.08780097961425781,SAFE
1791342300.3129113,5.111422777175903,FAR_GUIDANCE,0,6.2,0.172748613357544,True,0.0,0.09002137184143066,SAFE
1791342300.3626873,5.161198854446411,FAR_GUIDANCE,0,6.199999999999999,0.1646459579467774,True,0.0,0.08778810501098633,SAFE
1791342300.412688,5.211199522018433,FAR_GUIDANCE,0,6.200000000000001,0.15381686687469487,True,0.0,0.08978152275085449,SAFE
1791342300.4627492,5.261260747909546,FAR_GUIDANCE,0,6.2,0.14653317928314213,True,0.0,0.08785557746887207,SAFE
1791342300.5127764,5.311287879943848,FAR_GUIDANCE,0,6.2,0.13546948432922368,True,0.0,0.08986687660217285,SAFE
1791342300.5626996,5.361211061477661,FAR_GUIDANCE,0,6.200000000000001,0.12891631126403813,True,0.0,0.0877985954284668,SAFE
1791342300.612697,5.411208391189575,FAR_GUIDANCE,0,6.199999999999999,0.12018339633941655,True,0.0,0.08980131149291992,SAFE
1791342300.6626697,5.461181163787842,FAR_GUIDANCE,0,6.2,0.11656312942504887,True,0.0,0.08777451515197754,SAFE
1791342300.7126667,5.511178255081177,FAR_GUIDANCE,0,6.199999999999999,0.10506706237792973,True,0.0,0.08977556228637695,SAFE
1791342300.7626479,5.561159372329712,FAR_GUIDANCE,0,6.199999999999999,0.09952061176300053,True,0.0,0.0877530574798584,SAFE
1791342300.8129427,5.611454248428345,FAR_GUIDANCE,0,6.2,0.09420292377471928,True,0.0,0.09003973007202148,SAFE
1791342300.862686,5.6611974239349365,FAR_GUIDANCE,0,6.2,0.0871106863021851,True,0.0,0.08779382705688477,SAFE
1791342300.9127078,5.711219310760498,FAR_GUIDANCE,0,6.200000000000001,0.079633641242981,True,0.0,0.0898139476776123,SAFE
1791342300.9627671,5.7612786293029785,FAR_GUIDANCE,0,6.2,0.07530872821807866,True,0.0,0.08786630630493164,SAFE
1791342301.0126753,5.811186790466309,FAR_GUIDANCE,0,6.2,0.07118408679962163,True,0.0,0.08978033065795898,SAFE
1791342301.0626614,5.861172914505005,FAR_GUIDANCE,0,6.2,0.0659540176391602,True,0.0,0.0877542495727539,SAFE
1791342301.1127446,5.9112560749053955,FAR_GUIDANCE,0,6.2,0.060753154754638716,True,0.0,0.08985042572021484,SAFE
1791342301.1626592,5.961170673370361,FAR_GUIDANCE,0,6.199999999999999,0.05775659084320073,True,0.0,0.08777141571044922,SAFE
1791342301.2127252,6.011236667633057,FAR_GUIDANCE,0,6.200000000000001,0.05497984886169438,True,0.0,0.08982372283935547,SAFE
1791342301.2626758,6.061187267303467,FAR_GUIDANCE,0,6.2,0.05136458873748784,True,0.0,0.08778071403503418,SAFE
1791342301.3127537,6.111265182495117,FAR_GUIDANCE,0,6.200000000000001,0.049015688896179244,True,0.0,0.08985662460327148,SAFE
1791342301.3627074,6.161218881607056,FAR_GUIDANCE,0,6.2,0.04551904201507573,True,0.0,0.0878140926361084,SAFE
1791342301.4128547,6.211366176605225,FAR_GUIDANCE,0,6.2,0.04279987812042241,True,0.0,0.0899512767791748,SAFE
1791342301.4626405,6.261152029037476,FAR_GUIDANCE,0,6.2,0.04091577529907231,True,0.0,0.08774971961975098,SAFE
1791342301.5127099,6.311221361160278,FAR_GUIDANCE,0,6.200000000000001,0.03813247680664067,True,0.0,0.08981680870056152,SAFE
1791342301.562663,6.361174583435059,FAR_GUIDANCE,0,6.199999999999999,0.03652446269989018,True,0.0,0.08776712417602539,SAFE
1791342301.612531,6.4110424518585205,FAR_GUIDANCE,0,6.2,0.034413027763366744,True,0.0,0.08962392807006836,SAFE
1791342301.662721,6.461232423782349,FAR_GUIDANCE,0,6.2,0.033022928237915083,True,0.0,0.08781862258911133,SAFE
1791342301.7126703,6.511181831359863,FAR_GUIDANCE,0,6.2,0.030925559997558638,True,0.0,0.08976507186889648,SAFE
1791342301.7627046,6.561216115951538,FAR_GUIDANCE,0,6.200000000000001,0.02973096370697026,True,0.0,0.08781194686889648,SAFE
1791342301.8127038,6.611215353012085,FAR_GUIDANCE,0,6.2,0.0283636331558228,True,0.0,0.0898125171661377,SAFE
1791342301.862688,6.661199569702148,FAR_GUIDANCE,0,6.2,0.027607846260070845,True,0.0,0.0877995491027832,SAFE
1791342301.9128034,6.711314916610718,FAR_GUIDANCE,0,6.2,0.026263165473938033,True,0.0,0.08989739418029785,SAFE
1791342301.9626985,6.761209964752197,FAR_GUIDANCE,0,6.2,0.02517657279968266,True,0.0,0.08778929710388184,SAFE
1791342302.0127227,6.81123423576355,FAR_GUIDANCE,0,6.200000000000001,0.023613381385803267,True,0.0,0.08981990814208984,SAFE
1791342302.0626485,6.861160039901733,FAR_GUIDANCE,0,6.2,0.022590327262878462,True,0.0,0.08776092529296875,SAFE
1791342302.1127403,6.911251783370972,FAR_GUIDANCE,0,6.2,0.020939397811889693,True,0.0,0.08984231948852539,SAFE
1791342302.162709,6.9612205028533936,FAR_GUIDANCE,0,6.199999999999999,0.019955444335937544,True,0.0,0.08780884742736816,SAFE
1791342302.2127361,7.011247634887695,FAR_GUIDANCE,0,6.2,0.01897506713867192,True,0.0,0.08983373641967773,SAFE
1791342302.262737,7.061248540878296,FAR_GUIDANCE,0,6.2,0.018108177185058638,True,0.0,0.08783507347106934,SAFE
1791342302.3127635,7.11127495765686,FAR_GUIDANCE,0,6.199999999999999,0.017144966125488326,True,0.0,0.07480120658874512,SAFE
1791342302.362997,7.161508560180664,FAR_GUIDANCE,0,6.2,0.016397643089294478,True,0.0,0.07302141189575195,SAFE
1791342302.4127364,7.21124792098999,FAR_GUIDANCE,0,6.2,0.015073823928833052,True,0.0,0.07476949691772461,SAFE
1791342302.4632165,7.261728048324585,FAR_GUIDANCE,0,6.2,0.01419763565063481,True,0.0,0.07324957847595215,SAFE
1791342302.5127277,7.311239242553711,FAR_GUIDANCE,0,6.2,0.012925791740417525,True,0.0,0.07474875450134277,SAFE
1791342302.5627468,7.361258268356323,FAR_GUIDANCE,0,6.200000000000001,0.012059617042541548,True,0.0,0.07277393341064453,SAFE
1791342302.6127436,7.411255121231079,FAR_GUIDANCE,0,6.2,0.0108772993087769,True,0.0,0.07477188110351562,SAFE
1791342302.6627994,7.461310863494873,FAR_GUIDANCE,0,6.2,0.010296392440795943,True,0.0,0.07283449172973633,SAFE
1791342302.7127943,7.511305809020996,FAR_GUIDANCE,0,6.2,0.009721565246582076,True,0.0,0.07482433319091797,SAFE
1791342302.7627325,7.561244010925293,FAR_GUIDANCE,0,6.2,0.009453225135803267,True,0.0,0.07276177406311035,SAFE
1791342302.8127692,7.611280679702759,FAR_GUIDANCE,0,6.200000000000001,0.00920503139495854,True,0.0,0.0747983455657959,SAFE
1791342302.8628128,7.6613242626190186,FAR_GUIDANCE,0,6.2,0.009334492683410689,True,0.0,0.07284212112426758,SAFE
1791342302.914184,7.712695598602295,FAR_GUIDANCE,0,6.2,0.009830403327941939,True,0.0,0.07621312141418457,SAFE
1791342302.9627252,7.761236667633057,FAR_GUIDANCE,0,6.2,0.010334539413452193,True,0.0,0.0727546215057373,SAFE
1791342303.0127246,7.811236143112183,FAR_GUIDANCE,0,6.2,0.0112512588500977,True,0.0,0.07474899291992188,SAFE
1791342303.0628612,7.861372709274292,FAR_GUIDANCE,0,6.17561113526789,0.011825728416442916,True,0.0,0.07290029525756836,SAFE
1791342303.112788,7.911299467086792,FAR_GUIDANCE,0,6.066830176529794,0.012470650672912642,True,0.0,0.07481265068054199,SAFE
1791342303.1628597,7.961371183395386,FAR_GUIDANCE,0,6.032116139130163,0.012853193283081099,True,0.0,0.07289838790893555,SAFE
1791342303.2127602,8.011271715164185,FAR_GUIDANCE,0,5.882119404817765,0.013148474693298384,True,0.0,0.07478451728820801,SAFE
1791342303.265091,8.063602447509766,FAR_GUIDANCE,0,5.84342573580826,0.013133931159973189,True,0.0,0.07512497901916504,SAFE
1791342303.312773,8.111284494400024,FAR_GUIDANCE,0,5.73165478402978,0.01294629573822026,True,0.0,0.07480192184448242,SAFE
1791342303.3627687,8.161280155181885,FAR_GUIDANCE,0,5.691665036378631,0.012671518325805708,True,0.0,0.07280468940734863,SAFE
1791342303.412868,8.211379528045654,FAR_GUIDANCE,0,5.541389254218892,0.011963057518005416,True,0.0,0.0748894214630127,SAFE
1791342303.4625647,8.261076211929321,FAR_GUIDANCE,0,5.493458871757853,0.011367845535278365,True,0.0,0.07260394096374512,SAFE
1791342303.5127172,8.31122875213623,FAR_GUIDANCE,0,5.3760238353620515,0.010630416870117232,True,0.0,0.07474064826965332,SAFE
1791342303.5627186,8.36123013496399,FAR_GUIDANCE,0,5.331661004916303,0.0102516889572144,True,0.0,0.07274889945983887,SAFE
1791342303.6127095,8.411221027374268,FAR_GUIDANCE,0,5.18172357909793,0.009872007369995162,True,0.0,0.07473111152648926,SAFE
1791342303.662776,8.461287498474121,FAR_GUIDANCE,0,5.127551332989297,0.009665179252624556,True,0.0,0.07281374931335449,SAFE
1791342303.712701,8.511212587356567,FAR_GUIDANCE,0,5.01276351449816,0.009289669990539595,True,0.0,0.07472372055053711,SAFE
1791342303.7627962,8.561307668685913,FAR_GUIDANCE,0,4.976000261458793,0.009016799926757857,True,0.0,0.07282757759094238,SAFE
1791342303.812821,8.611332416534424,FAR_GUIDANCE,0,4.826046114675483,0.00865404605865483,True,0.0,0.07483196258544922,SAFE
1791342303.8626986,8.661210060119629,FAR_GUIDANCE,0,4.784552170524164,0.008421468734741255,True,0.0,0.07272815704345703,SAFE
1791342303.9130511,8.711562633514404,FAR_GUIDANCE,0,4.679662932527362,0.007948088645935103,True,0.0,0.07504701614379883,SAFE
1791342303.962735,8.7612464427948,FAR_GUIDANCE,0,4.646043660299157,0.007633852958679244,True,0.0,0.0727698802947998,SAFE
1791342304.0127587,8.811270236968994,FAR_GUIDANCE,0,4.510840756753285,0.007352399826049849,True,0.0,0.0747842788696289,SAFE
1791342304.062697,8.861208438873291,FAR_GUIDANCE,0,4.490079768968262,0.007119226455688521,True,0.0,0.07273149490356445,SAFE
1791342304.1126437,8.911155223846436,FAR_GUIDANCE,0,4.390660641429467,0.006703782081604048,True,0.0,0.07467865943908691,SAFE
1791342304.1626983,8.961209774017334,FAR_GUIDANCE,0,4.366055791203216,0.00648586750030522,True,0.0,0.07272958755493164,SAFE
1791342304.2128017,9.011313199996948,FAR_GUIDANCE,0,4.247354383499989,0.006331849098205611,True,0.0,0.07482361793518066,SAFE
1791342304.2626438,9.061155319213867,FAR_GUIDANCE,0,4.227979249039668,0.006222534179687544,True,0.0,0.07268047332763672,SAFE
1791342304.3127105,9.1112220287323,FAR_GUIDANCE,0,4.152026496439789,0.0060339450836182085,True,0.0,0.07473349571228027,SAFE
1791342304.3627565,9.16126799583435,FAR_GUIDANCE,0,4.138291577885988,0.005733060836792037,True,0.0,0.07278203964233398,SAFE
1791342304.4127483,9.211259841918945,FAR_GUIDANCE,0,4.037642544036637,0.004973816871643111,True,0.0,0.07478213310241699,SAFE
1791342304.4627638,9.261275291442871,FAR_GUIDANCE,0,4.028312784402128,0.004388976097106978,True,0.0,0.07280325889587402,SAFE
1791342304.512828,9.311339616775513,FAR_GUIDANCE,0,3.9670746899453326,0.0035092115402222124,True,0.0,0.07484936714172363,SAFE
1791342304.5628512,9.36136269569397,FAR_GUIDANCE,0,3.9627778905867928,0.002899575233459517,True,0.0,0.07288718223571777,SAFE
1791342304.6126504,9.41116189956665,FAR_GUIDANCE,0,3.876616935561524,0.0019817829132080522,True,0.0,0.07468414306640625,SAFE
1791342304.6627345,9.461246013641357,FAR_GUIDANCE,0,3.8768769860704033,0.0014032602310181108,True,0.0,0.07276630401611328,SAFE
1791342304.7127216,9.51123309135437,FAR_GUIDANCE,0,3.8279380883450638,0.0006039619445801225,True,0.0,0.07474184036254883,SAFE
1791342304.7627726,9.561284065246582,FAR_GUIDANCE,0,3.831211088688734,0.00013582706451420457,True,0.0,0.07280278205871582,SAFE
1791342304.8128412,9.611352682113647,FAR_GUIDANCE,0,3.7585531457698127,-0.0004901409149169478,True,0.0,0.07486462593078613,SAFE
1791342304.8628192,9.661330699920654,FAR_GUIDANCE,0,3.7678805561496866,-0.0007929325103759322,True,0.0,0.07285809516906738,SAFE
1791342304.9128084,9.711319923400879,FAR_GUIDANCE,0,3.7304743576220454,-0.0011367321014403853,True,0.0,0.0748300552368164,SAFE
1791342304.962726,9.761237621307373,FAR_GUIDANCE,0,3.7432404445195306,-0.0012918233871459517,True,0.0,0.07276582717895508,SAFE
1791342305.0134065,9.811918020248413,FAR_GUIDANCE,0,3.684654806937225,-0.0013906478881835493,True,0.0,0.07542848587036133,SAFE
1791342305.0627654,9.861276865005493,FAR_GUIDANCE,0,3.7006087780476937,-0.0014395236968993697,True,0.0,0.07278943061828613,SAFE
1791342305.1135535,9.912065029144287,FAR_GUIDANCE,0,3.674563221418952,-0.001515579223632768,True,0.0,0.07558059692382812,SAFE
1791342305.1627185,9.961230039596558,TRACKING,36,4.118992739278931,0.051040256273149114,True,1.3207612037658691,0.07274055480957031,SAFE
1791342305.2127163,10.01122784614563,TRACKING,36,4.148143044261566,0.12959876516729477,True,1.2707633972167969,0.07474040985107422,SAFE
1791342305.2627122,10.06122374534607,TRACKING,36,4.209445895430033,0.2347723900265937,True,1.2207674980163574,0.0727388858795166,SAFE
1791342305.312735,10.111246585845947,TRACKING,36,4.304368364333295,0.36036755267657955,True,1.1707446575164795,0.07476663589477539,SAFE
1791342305.3627117,10.16122317314148,TRACKING,36,4.417938749689874,0.491226398550744,True,1.1207680702209473,0.07272887229919434,SAFE
1791342305.4127479,10.211259365081787,TRACKING,36,4.56480889021949,0.6245725099674677,True,1.0707318782806396,0.07477474212646484,SAFE
1791342305.4627936,10.261305093765259,TRACKING,36,4.713784038447916,0.7505747275608258,True,1.020686149597168,0.07282543182373047,SAFE
1791342305.5126774,10.31118893623352,TRACKING,36,4.884428150755141,0.8661671065291119,True,0.9708023071289062,0.07470273971557617,SAFE
1791342305.5627027,10.36121416091919,TRACKING,36,5.049610167726722,0.9685297583145647,True,0.9207770824432373,0.12472796440124512,SAFE
1791342305.6127994,10.411310911178589,TRACKING,36,5.222077198340367,1.0529322987491352,True,0.8706803321838379,0.07482171058654785,SAFE
1791342305.6634908,10.462002277374268,TRACKING,36,5.397068641109458,1.119397427708384,True,0.8199889659881592,0.07352185249328613,SAFE
1791342305.7126486,10.511160135269165,TRACKING,36,5.570231828170338,1.1619526324487244,True,0.7708311080932617,0.07467484474182129,SAFE
1791342305.7627716,10.561283111572266,TRACKING,36,5.716450744281921,1.1832642806306166,True,0.7207081317901611,0.12479782104492188,SAFE
1791342305.8126514,10.611162900924683,TRACKING,36,5.807480982442773,1.1631630659103394,True,0.6708283424377441,0.074676513671875,WARNING
1791342305.862731,10.661242485046387,TRACKING,36,5.982580035911189,1.1493158340454102,True,0.62074875831604,0.07276415824890137,WARNING
1791342305.9126801,10.711191654205322,TRACKING,36,6.156941312078412,1.0716880559921265,True,0.5707995891571045,0.07471013069152832,WARNING
1791342305.9626563,10.761167764663696,TRACKING,36,6.331609228973459,1.0174387693405151,True,0.5208234786987305,0.0726938247680664,WARNING
1791342306.0129788,10.811490297317505,TRACKING,36,6.499086805722408,0.8244882225990295,True,0.4705009460449219,0.07501077651977539,WARNING
1791342306.0626445,10.861155986785889,TRACKING,36,6.5,0.7294318079948425,True,0.4208352565765381,0.0726776123046875,WARNING
1791342306.1134174,10.91192889213562,TRACKING,36,6.5,0.7502234585943761,True,0.37006235122680664,0.07544374465942383,SAFE
1791342306.1627607,10.961272239685059,TRACKING,36,6.5,0.636980644786085,True,0.32071900367736816,0.1247870922088623,SAFE
1791342306.2128751,11.011386632919312,TRACKING,36,6.5,0.48823022842407227,True,0.27060461044311523,0.07489967346191406,WARNING
1791342306.2627428,11.061254262924194,TRACKING,36,6.5,0.38561853766441345,True,0.22073698043823242,0.0727696418762207,WARNING
1791342306.3147545,11.113265991210938,TRACKING,36,6.5,0.2724613262891626,True,0.16872525215148926,0.07677817344665527,SAFE
1791342306.362782,11.161293506622314,TRACKING,36,6.5,0.18274615672363667,True,0.1206977367401123,0.12480568885803223,SAFE
1791342306.4128375,11.21134901046753,SAFE_RECOVERY,0,6.324805736541748,0.03257964518799214,False,0.0,inf,SAFE
