intercept_elapsed_time,phase,controller_status,target_visible,target_locked,last_valid_observation_age,kf_state_age,prediction_age,prediction_sample_age,planner_failure_reason,remaining_t_go,distance,horizontal_distance,vertical_error,sea_safety_state,horizontal_speed_mps,vz_ned_mps
8.538245677947998,FAR_GUIDANCE,FAR_GUIDANCE,True,True,0.11357378959655762,0.11357378959655762,0.11357378959655762,0.06213808059692383,CAPTURE_GEOMETRY,0.0,4.872485063582529,4.6784573042475674,1.3613037674110142,SAFE,5.141823206607192,-0.02865924469342876
8.58790898323059,FAR_GUIDANCE,FAR_GUIDANCE,True,True,0.11559581756591797,0.11559581756591797,0.11559581756591797,0.04238271713256836,CAPTURE_GEOMETRY,0.0,4.807973190098007,4.610447078302642,1.3639589197889483,SAFE,5.160680171945353,-0.03626025244323938
8.637783765792847,FAR_GUIDANCE,FAR_GUIDANCE,True,True,0.11356306076049805,0.11356306076049805,0.11356306076049805,0.04254722595214844,CAPTURE_GEOMETRY,0.0,4.745104208039973,4.544278656175151,1.3658497136177292,SAFE,5.192686443998893,-0.04191800541047567
8.687930822372437,FAR_GUIDANCE,FAR_GUIDANCE,True,True,0.11555123329162598,0.11555123329162598,0.11555123329162598,0.04253506660461426,CAPTURE_GEOMETRY,0.0,4.70028289548234,4.497133215417426,1.3669133624166443,SAFE,5.233443316926816,-0.04246738669018365
8.737948417663574,FAR_GUIDANCE,FAR_GUIDANCE,True,True,0.06555318832397461,0.06555318832397461,0.11354541778564453,0.044698238372802734,CAPTURE_GEOMETRY,0.0,4.642805146276432,4.436989471328476,1.3670274531300282,SAFE,5.2850947780819535,-0.03853800141100385
8.787951946258545,FAR_GUIDANCE,FAR_GUIDANCE,True,True,0.0634608268737793,0.0634608268737793,0.0634608268737793,0.009146690368652344,CAPTURE_GEOMETRY,0.0,4.56806179817929,4.359063561634887,1.3659258609499956,SAFE,5.347205006879986,-0.031185797437907614
8.8378324508667,FAR_GUIDANCE,FAR_GUIDANCE,True,True,0.11351442337036133,0.11351442337036133,0.11351442337036133,0.059200286865234375,CAPTURE_GEOMETRY,0.0,4.4951238086411625,4.283305831653616,1.363608890970854,SAFE,5.412566417608668,-0.022689324801659805
8.887903928756714,FAR_GUIDANCE,FAR_GUIDANCE,True,True,0.06335020065307617,0.06335020065307617,0.06335020065307617,0.005676746368408203,CAPTURE_GEOMETRY,0.0,4.434347545875902,4.220642721853919,1.3600048426668112,SAFE,5.476132953123542,-0.014451152918220665
8.937820196151733,FAR_GUIDANCE,FAR_GUIDANCE,True,True,0.06555294990539551,0.06555294990539551,0.06555294990539551,0.014148473739624023,CAPTURE_GEOMETRY,0.0,4.368559288157162,4.153066134512398,1.3551206354086922,SAFE,5.540455334064998,-0.006736678012353926
8.98795771598816,FAR_GUIDANCE,FAR_GUIDANCE,True,True,0.06416440010070801,0.06416440010070801,0.06416440010070801,0.007209300994873047,CAPTURE_GEOMETRY,0.0,4.278411589225244,4.06019344903232,1.348938428265692,SAFE,5.608928181648697,0.00043731389826210114
9.037823677062988,FAR_GUIDANCE,FAR_GUIDANCE,True,True,0.0655965805053711,0.0655965805053711,0.0655965805053711,0.01846456527709961,HORIZON_INSUFFICIENT,0.0,4.193610477267265,3.9731674372889194,1.3417560696016186,SAFE,5.673082559252859,0.005987268128563523
9.087946891784668,FAR_GUIDANCE,FAR_GUIDANCE,True,True,0.06353092193603516,0.06353092193603516,0.11553287506103516,0.06840085983276367,HORIZON_INSUFFICIENT,0.0,4.120170010712632,3.89832402381538,1.333743124638172,SAFE,5.730688143639067,0.010441377252712018
9.138338088989258,FAR_GUIDANCE,FAR_GUIDANCE,True,True,0.11355328559875488,0.11355328559875488,0.11355328559875488,0.053798675537109375,HORIZON_INSUFFICIENT,0.0,4.0409095399051385,3.81751422025779,1.3249660704432846,SAFE,5.7854683839894525,0.015160218260218928
9.187911033630371,FAR_GUIDANCE,FAR_GUIDANCE,True,True,0.11558127403259277,0.11558127403259277,0.11558127403259277,0.03601861000061035,HORIZON_INSUFFICIENT,0.0,3.9448265270461507,3.7190282003803974,1.3154792181035535,SAFE,5.8381838800136565,0.020697683106630588
9.237861633300781,FAR_GUIDANCE,FAR_GUIDANCE,True,True,0.06597352027893066,0.06597352027893066,0.06597352027893066,0.007445096969604492,NONE,0.0,3.855132391558238,3.6274064505227908,1.305361328961138,SAFE,5.882741029171616,0.024711056342945806
9.288039445877075,FAR_GUIDANCE,FAR_GUIDANCE,True,True,0.06354069709777832,0.06354069709777832,0.06354069709777832,0.019393444061279297,NONE,0.0,3.7641407620362104,3.53454470933147,1.2945073866762822,SAFE,5.919538421882711,0.027980320996782087
9.337976932525635,FAR_GUIDANCE,FAR_GUIDANCE,True,True,0.06580471992492676,0.06580471992492676,0.06580471992492676,0.01200103759765625,NONE,0.0,3.6771846595645163,3.4460984181439254,1.2830014469993958,SAFE,5.947500028441085,0.030357875694110293
9.38793420791626,FAR_GUIDANCE,FAR_GUIDANCE,True,True,0.06368827819824219,0.11569857597351074,0.11569857597351074,0.061894893646240234,NONE,0.0,3.5635964361602706,3.329339315036193,1.2707160521408833,SAFE,5.966747558364615,0.031283387952385944
9.437866449356079,FAR_GUIDANCE,FAR_GUIDANCE,True,True,0.11351895332336426,0.11351895332336426,0.11351895332336426,0.04983258247375488,NONE,0.0,3.462264364477275,3.225520408787657,1.258289562073665,SAFE,5.974495988045706,0.03033736379637751
9.487952947616577,FAR_GUIDANCE,FAR_GUIDANCE,True,True,0.06338739395141602,0.06338739395141602,0.06338739395141602,0.008727550506591797,NONE,0.0,3.375978582076482,3.137687813189079,1.245851746237838,SAFE,5.9701714025500525,0.028267571070339476
9.537967205047607,FAR_GUIDANCE,FAR_GUIDANCE,True,True,0.06557893753051758,0.06557893753051758,0.06557893753051758,0.014180183410644531,NONE,0.0,3.2882755969952293,3.0481942291215582,1.2333970744834626,SAFE,5.954489506091014,0.02492964698306557
9.588000774383545,FAR_GUIDANCE,FAR_GUIDANCE,True,True,0.06348061561584473,0.06348061561584473,0.06348061561584473,0.02112293243408203,NONE,0.0,3.1804432771418853,2.9367115171579417,1.2210425480338174,SAFE,5.923962072772615,0.020548850112035985
9.637842416763306,FAR_GUIDANCE,FAR_GUIDANCE,True,True,0.06551909446716309,0.06551909446716309,0.06551909446716309,0.022374391555786133,NONE,0.0,3.0826814183715254,2.835808130047992,1.2087667172481167,SAFE,5.882011880030783,0.016466379021880282
9.68864369392395,FAR_GUIDANCE,FAR_GUIDANCE,True,True,0.115570068359375,0.115570068359375,0.115570068359375,0.07242536544799805,NONE,0.0,3.0037536470989936,2.7550531321743588,1.1967531956743467,SAFE,5.831229810470516,0.012672058500354447
9.7378408908844,FAR_GUIDANCE,FAR_GUIDANCE,True,True,0.0654909610748291,0.0654909610748291,0.11348605155944824,0.0328211784362793,NONE,0.0,2.9266945698102846,2.676021799733448,1.1850942714857597,SAFE,5.770052021779136,0.00919497347440158
9.787927389144897,FAR_GUIDANCE,FAR_GUIDANCE,True,True,0.06355834007263184,0.06355834007263184,0.06355834007263184,0.00887155532836914,NONE,0.0,2.8306378288936145,2.575761216302962,1.1738674009244143,SAFE,5.692386761284445,0.007176009818443733
9.837838888168335,FAR_GUIDANCE,FAR_GUIDANCE,True,True,0.06543946266174316,0.06543946266174316,0.06543946266174316,0.012257575988769531,NONE,0.0,2.7466641393547055,2.4883534133896585,1.1628676556208626,SAFE,5.607433999562833,0.006552192769081564
9.887960195541382,FAR_GUIDANCE,FAR_GUIDANCE,True,True,0.11553597450256348,0.11553597450256348,0.11553597450256348,0.062354087829589844,NONE,0.0,2.682380817027487,2.4223680786380513,1.1520849530969686,SAFE,5.520341629766008,0.007925148334070665
9.937878370285034,FAR_GUIDANCE,FAR_GUIDANCE,True,True,0.11356592178344727,0.11356592178344727,0.11356592178344727,0.037221431732177734,NONE,0.0,2.6362298434892195,2.376314426093986,1.141419088696524,SAFE,5.433497897363047,0.010107261165875103
9.988059520721436,FAR_GUIDANCE,FAR_GUIDANCE,True,True,0.06358838081359863,0.06358838081359863,0.11558985710144043,0.04727578163146973,NONE,0.0,2.5450921236834585,2.2801382693938157,1.1306915540859725,SAFE,5.322223130626643,0.01447589418115383
10.037899017333984,FAR_GUIDANCE,FAR_GUIDANCE,True,True,0.06545591354370117,0.06545591354370117,0.11344575881958008,0.054586172103881836,NONE,0.0,2.4802618580182885,2.2129785165322424,1.1200111471351917,SAFE,5.2172836878764945,0.019462904801364225
10.087992429733276,FAR_GUIDANCE,FAR_GUIDANCE,True,True,0.11559128761291504,0.11559128761291504,0.11559128761291504,0.053381919860839844,NONE,0.0,2.4351700210437204,2.16773423367832,1.1094959772478403,SAFE,5.117977259313205,0.02337543463284343
10.137876272201538,FAR_GUIDANCE,FAR_GUIDANCE,True,True,0.11356806755065918,0.11356806755065918,0.11356806755065918,0.04817700386047363,NONE,0.0,2.390465436152395,2.1227028012712936,1.0992987850963278,SAFE,5.017572891897227,0.026474729939088584
10.188011646270752,FAR_GUIDANCE,FAR_GUIDANCE,True,True,0.06340479850769043,0.06340479850769043,0.11541199684143066,0.04377484321594238,NONE,0.0,2.340677845760492,2.07174034612846,1.0893414138173154,SAFE,4.914593031826299,0.029561851419221703
10.237903833389282,FAR_GUIDANCE,FAR_GUIDANCE,True,True,0.06659817695617676,0.06659817695617676,0.11460447311401367,0.05307340621948242,NONE,0.0,2.291787752244527,2.021411905199345,1.0799004634022424,SAFE,4.812402609078967,0.03138339211246911
10.287998676300049,FAR_GUIDANCE,FAR_GUIDANCE,True,True,0.06396484375,0.11595702171325684,0.11595702171325684,0.051328182220458984,NONE,0.0,2.2649413700066447,1.9955074701446833,1.0714053136718815,SAFE,4.721934027218458,0.031658753418141186
10.337830781936646,FAR_GUIDANCE,FAR_GUIDANCE,True,True,0.06548118591308594,0.06548118591308594,0.11348199844360352,0.049653053283691406,NONE,0.0,2.2388495206112724,1.9700060673959332,1.063730826085497,SAFE,4.633444258338896,0.030780249532406764
10.387892723083496,FAR_GUIDANCE,FAR_GUIDANCE,True,True,0.06337857246398926,0.06337857246398926,0.06337857246398926,0.007050514221191406,NONE,0.0,2.2045345110904093,1.9347263017512701,1.056790683106396,SAFE,4.544137670016415,0.029408683953224008
10.392283916473389,MINCO_READY,PLAN_ACCEPTED,True,True,0.08386087417602539,0.08386087417602539,0.08386087417602539,0.02753281593322754,NONE,1.4724671840667725,nan,nan,nan,HOLD,4.501722014616213,0.028281817212700844
10.393851518630981,MINCO_TRACKING,PLAN_ACCEPTED,True,True,0.08386087417602539,0.08386087417602539,0.08386087417602539,0.02753281593322754,NONE,1.4724671840667725,nan,nan,nan,HOLD,4.501722014616213,0.028281817212700844
10.437922954559326,MINCO_TRACKING,TRACKING,True,True,0.06552958488464355,0.06552958488464355,0.11351633071899414,0.05718827247619629,NONE,1.4428117275238037,2.17758361252246,1.9072163367037305,1.0509025808973784,SAFE,4.460877154280777,0.026838449450697154
10.487938642501831,MINCO_TRACKING,TRACKING,True,True,0.06367778778076172,0.06367778778076172,0.11568331718444824,0.051670074462890625,NONE,1.392657995223999,2.1678201622463593,1.8987081272787534,1.0461126627889754,SAFE,4.388206560848911,0.02501657256518656
10.53792691230774,MINCO_TRACKING,TRACKING,True,True,0.06543374061584473,0.06543374061584473,0.11342453956604004,0.050963640213012695,NONE,1.3429114818572998,2.1580440024714727,1.8898747262293827,1.0418864793068914,SAFE,4.320107764678762,0.03599273183296458
10.587882995605469,MINCO_TRACKING,TRACKING,True,True,0.11554718017578125,0.11554718017578125,0.11554718017578125,0.05173492431640625,NONE,1.2927980422973633,2.1384991875579593,1.8706703950731902,1.0362292449949315,SAFE,4.263713142481265,0.11273119664493553
10.638627529144287,MINCO_TRACKING,PLAN_REJECTED,True,True,0.08306622505187988,0.08306622505187988,0.08306622505187988,0.014658451080322266,NONE,1.225276231765747,2.1223664159880005,1.8574488532629918,1.0268022989971084,HOLD,4.222182572941048,0.22485155027028317
10.687958002090454,MINCO_TRACKING,TRACKING,True,True,0.06339478492736816,0.06339478492736816,0.06339478492736816,0.009374141693115234,NONE,1.1929261684417725,2.1172728181688303,1.8591582846772146,1.0131015048220284,SAFE,4.1952921836390225,0.3453022146458224
10.725254774093628,TERMINAL_MINCO,TRACKING,True,True,0.06738734245300293,0.06738734245300293,0.06738734245300293,0.006044149398803711,NONE,1.1409497261047363,nan,nan,nan,SAFE,4.178426900334821,0.5211796164512634
10.737838983535767,TERMINAL_MINCO,TRACKING,True,True,0.06738734245300293,0.06738734245300293,0.06738734245300293,0.006044149398803711,NONE,1.1409497261047363,2.1070325936097785,1.8577428481477205,0.9941719472455177,SAFE,4.180558003136722,0.4682663835723948
10.79179310798645,TERMINAL_MINCO,TRACKING,True,True,0.11550426483154297,0.11550426483154297,0.11550426483154297,0.05416107177734375,NONE,1.0928328037261963,2.083227502581265,1.8444762169636806,0.9683719908001899,SAFE,4.181960000918572,0.5883251547178706
10.837875366210938,TERMINAL_MINCO,PLAN_REJECTED,True,True,0.08170247077941895,0.08170247077941895,0.12972497940063477,0.05341315269470215,NONE,1.0266048908233643,2.0640835752837696,1.8379947611157803,0.9392636817567119,HOLD,4.202876764293406,0.6876482659878072
10.888015270233154,TERMINAL_MINCO,TRACKING,True,True,0.06351780891418457,0.06351780891418457,0.1154928207397461,0.03697800636291504,NONE,0.9928147792816162,2.045925551856589,1.8339043142844016,0.9069764769765236,SAFE,4.245496852419024,0.7740734795796556
10.937789678573608,TERMINAL_MINCO,TRACKING,True,True,0.11350488662719727,0.11350488662719727,0.11350488662719727,0.054208993911743164,NONE,0.9428277015686035,2.026564062020695,1.8292707833841888,0.8721985430685009,SAFE,4.3093874813494155,0.8469767489692632
10.987877607345581,TERMINAL_MINCO,TRACKING,True,True,0.11558175086975098,0.11558175086975098,0.11558175086975098,0.015830278396606445,NONE,0.8927593231201172,1.990922948065033,1.8085911937063919,0.8323293093359447,SAFE,4.400494160405893,0.9155492395650088
11.037750244140625,TERMINAL_MINCO,TRACKING,True,True,0.11350870132446289,0.11350870132446289,0.11350870132446289,0.0460507869720459,PLAN_STALE_ON_ARRIVAL,0.8428161144256592,1.9494184682179652,1.782109944262081,0.790137020263878,SAFE,4.515624926364342,0.9681655502943708
11.08902883529663,TERMINAL_MINCO,TRACKING,True,True,0.11553049087524414,0.11553049087524414,0.11553049087524414,0.047098398208618164,PLAN_STALE_ON_ARRIVAL,0.7927947044372559,1.9170448827727966,1.7643425704521503,0.7497708827739743,SAFE,4.645719396344056,1.0003168137395235
11.138011932373047,TERMINAL_MINCO,PLAN_REJECTED,True,True,0.08270406723022461,0.08270406723022461,0.08270406723022461,0.021371126174926758,NONE,0.7256238460540771,1.8753164756717111,1.7365311894782782,0.7080051637487703,HOLD,4.794524927261998,1.0253554350805163
11.188021659851074,TERMINAL_MINCO,TRACKING,True,True,0.06407594680786133,0.06407594680786133,0.06407594680786133,0.008290767669677734,NONE,0.6922545433044434,1.8107194756674176,1.684924246312873,0.6631254057478754,SAFE,4.973957261749562,1.0269370698763756
11.237940311431885,TERMINAL_MINCO,TRACKING,True,True,0.06547331809997559,0.06547331809997559,0.1134638786315918,0.0576786994934082,NONE,0.6428666114807129,1.7417310119247142,1.6276483485971933,0.6199901379934348,WARNING,5.164799397377665,1.0119430745456732
11.287991523742676,TERMINAL_MINCO,PLAN_REJECTED,True,True,0.07090592384338379,0.07090592384338379,0.07090592384338379,0.01039433479309082,NONE,0.5854260921478271,1.6809389398550985,1.5770329245426524,0.5818271860523802,HOLD,5.354366118334762,0.9787376678771128
11.33789324760437,TERMINAL_MINCO,TRACKING,True,True,0.06804132461547852,0.06804132461547852,0.06804132461547852,0.008972883224487305,NONE,0.540292501449585,1.6085262458496203,1.5128692888923314,0.5464276697912406,WARNING,5.55642084660559,0.8899440361373363
11.389240503311157,TERMINAL_MINCO,TRACKING,True,True,0.11555957794189453,0.11555957794189453,0.11555957794189453,0.05649113655090332,NONE,0.49277424812316895,1.5095795753993324,1.419445470457742,0.5138142182344008,WARNING,5.761550711957558,0.7761057759082899
11.437836647033691,TERMINAL_MINCO,TRACKING,True,True,0.06554174423217773,0.06554174423217773,0.11346673965454102,0.04186248779296875,DYNAMIC_LIMIT_HORIZONTAL,0.44280004501342773,1.408122846565129,1.320462223275254,0.48907000308918486,SAFE,5.977181298710402,0.61263546372358
11.487997055053711,TERMINAL_MINCO,TRACKING,True,True,0.06339502334594727,0.06339502334594727,0.11540627479553223,0.055037736892700195,DYNAMIC_LIMIT_HORIZONTAL,0.39293551445007324,1.3178348139269747,1.2298223581305372,0.473524618409844,SAFE,6.1532979306809485,0.5273785462481811
11.537798643112183,TERMINAL_MINCO,TRACKING,True,True,0.1135706901550293,0.1135706901550293,0.1135706901550293,0.052225589752197266,DYNAMIC_LIMIT_HORIZONTAL,0.3427598476409912,1.2183584136818597,1.128548317959722,0.4591033851102164,WARNING,6.282154963767801,0.543983622297809
11.587800025939941,TERMINAL_MINCO,TRACKING,True,True,0.11553263664245605,0.11553263664245605,0.11553263664245605,0.04731297492980957,DYNAMIC_LIMIT_HORIZONTAL,0.2928171157836914,1.092277056324246,0.998015054834088,0.44388637971543204,WARNING,6.415737964959447,0.4620045342462874
11.638765573501587,TERMINAL_MINCO,TRACKING,True,True,0.11353659629821777,0.11353659629821777,0.11353659629821777,0.043526411056518555,DYNAMIC_LIMIT_HORIZONTAL,0.24279522895812988,0.9703537808319446,0.8676398800050783,0.4344968338200211,SAFE,6.522112161650549,0.33601626872445006
11.68792200088501,TERMINAL_MINCO,TRACKING,True,True,0.06369304656982422,0.06369304656982422,0.06369304656982422,0.007662057876586914,DYNAMIC_LIMIT_HORIZONTAL,0.192641019821167,0.8787121764098771,0.7646020534822082,0.4330343967651684,SAFE,6.588932723148659,0.2172495881505115
11.737859964370728,TERMINAL_MINCO,TRACKING,True,True,0.06560015678405762,0.06560015678405762,0.06560015678405762,0.012493610382080078,DYNAMIC_LIMIT_HORIZONTAL,0.14274835586547852,0.7693333994555192,0.6337938931486928,0.4360953800778089,SAFE,6.6328467798384185,0.10444819757103924
11.787950277328491,TERMINAL_MINCO,TRACKING,True,True,0.11558771133422852,0.11558771133422852,0.11558771133422852,0.06248116493225098,DYNAMIC_LIMIT_HORIZONTAL,0.09276080131530762,0.6581266236683042,0.4853636509205091,0.44446909807787066,SAFE,6.653945250991346,-0.002012512026044664
11.82265591621399,SAFE_RECOVERY,SAFE_RECOVERY,True,False,0.1655592918395996,inf,inf,inf,DYNAMIC_LIMIT_HORIZONTAL,0.0,nan,nan,nan,SAFE,6.6553162451611,-0.09688526391983032
11.837799072265625,SAFE_RECOVERY,SAFE_RECOVERY,True,False,0.1655592918395996,inf,inf,inf,DYNAMIC_LIMIT_HORIZONTAL,0.0,0.573417454576144,0.34585045969394673,0.4573784393060849,SAFE,6.656991802662196,-0.08119077271887047
11.887935400009155,SAFE_RECOVERY,SAFE_RECOVERY,True,False,0.21555018424987793,inf,inf,inf,DYNAMIC_LIMIT_HORIZONTAL,0.0,0.5250678832134507,0.2278263185528794,0.4730660107816834,SAFE,6.64821384280147,-0.13612499458633018
11.93781852722168,SAFE_RECOVERY,SAFE_RECOVERY,True,False,0.26555442810058594,inf,inf,inf,DYNAMIC_LIMIT_HORIZONTAL,0.0,0.5041915004529873,0.10363245793620014,0.49342616751763013,SAFE,6.630656828130015,-0.27954036883863603
11.987878561019897,SAFE_RECOVERY,SAFE_RECOVERY,False,False,0.3156154155731201,inf,inf,inf,DYNAMIC_LIMIT_HORIZONTAL,0.0,0.5257700757209898,0.05276296708023925,0.52311589712849,SAFE,6.581880888724359,-0.49171969989477166
12.037825584411621,SAFE_RECOVERY,SAFE_RECOVERY,False,False,0.36554741859436035,inf,inf,inf,DYNAMIC_LIMIT_HORIZONTAL,0.0,0.5909364418860472,0.17885229821634235,0.5632208570105285,SAFE,6.487903837671819,-0.7326313232706242
12.087882995605469,SAFE_RECOVERY,SAFE_RECOVERY,False,False,0.4155709743499756,inf,inf,inf,DYNAMIC_LIMIT_HORIZONTAL,0.0,0.6754679789603493,0.2857085319182523,0.6120683175838264,SAFE,6.356959759969176,-0.9314204265711563
12.137810468673706,SAFE_RECOVERY,SAFE_RECOVERY,False,False,0.4654858112335205,inf,inf,inf,DYNAMIC_LIMIT_HORIZONTAL,0.0,0.775142285176848,0.39065477383925457,0.6695031067484205,SAFE,6.1934526416213735,-1.0967415806739145
12.18825078010559,SAFE_RECOVERY,SAFE_RECOVERY,False,False,0.5155215263366699,inf,inf,inf,DYNAMIC_LIMIT_HORIZONTAL,0.0,0.895476417709693,0.5073188219508756,0.7379062457850322,SAFE,5.9922258670149855,-1.2424009411697408
12.237916946411133,SAFE_RECOVERY,SAFE_RECOVERY,False,False,0.5656299591064453,inf,inf,inf,DYNAMIC_LIMIT_HORIZONTAL,0.0,1.0083220921032703,0.6011933322154226,0.8094936804714613,SAFE,5.78478149335492,-1.3541549485584796
12.288225650787354,SAFE_RECOVERY,SAFE_RECOVERY,False,False,0.6155638694763184,inf,inf,inf,DYNAMIC_LIMIT_HORIZONTAL,0.0,1.112583291739754,0.6789277268466416,0.8814185854503627,SAFE,5.611344371241885,-1.328165335205455
12.337845087051392,SAFE_RECOVERY,SAFE_RECOVERY,False,False,0.6657602787017822,inf,inf,inf,DYNAMIC_LIMIT_HORIZONTAL,0.0,1.2072220335388086,0.7471835829550827,0.9482097508589444,SAFE,5.465241539463169,-1.2066433198302213
12.38812518119812,SAFE_RECOVERY,SAFE_RECOVERY,False,False,0.715590238571167,inf,inf,inf,DYNAMIC_LIMIT_HORIZONTAL,0.0,1.306669713999016,0.8268978569300194,1.0117438785022677,SAFE,5.301999587352789,-1.075050988019508
12.437953472137451,SAFE_RECOVERY,SAFE_RECOVERY,False,False,0.7656810283660889,inf,inf,inf,DYNAMIC_LIMIT_HORIZONTAL,0.0,1.3916641023765273,0.8928200258119137,1.0675211357873338,SAFE,5.12491825503696,-0.9766007417887477
12.487957239151001,SAFE_RECOVERY,SAFE_RECOVERY,False,False,0.815554141998291,inf,inf,inf,DYNAMIC_LIMIT_HORIZONTAL,0.0,1.4546095007692061,0.9339327848483664,1.1151943118189824,SAFE,4.943405345371355,-0.9106392624657448
12.538022518157959,SAFE_RECOVERY,SAFE_RECOVERY,False,False,0.8656880855560303,inf,inf,inf,DYNAMIC_LIMIT_HORIZONTAL,0.0,1.5127235729496131,0.9708465555314262,1.1600817099541778,SAFE,4.747231740920868,-0.8625810744298228
12.588050842285156,SAFE_RECOVERY,SAFE_RECOVERY,False,False,0.9155697822570801,inf,inf,inf,DYNAMIC_LIMIT_HORIZONTAL,0.0,1.5738289363268698,1.012601608147843,1.2048134726986448,SAFE,4.527340480747402,-0.8279009047903352
12.637867450714111,SAFE_RECOVERY,SAFE_RECOVERY,False,False,0.9654684066772461,inf,inf,inf,DYNAMIC_LIMIT_HORIZONTAL,0.0,1.6244707781322851,1.041383528965366,1.246766078542945,SAFE,4.304179584662114,-0.804374014588212
12.687888145446777,SAFE_RECOVERY,SAFE_RECOVERY,False,False,1.0155465602874756,inf,inf,inf,DYNAMIC_LIMIT_HORIZONTAL,0.0,1.65707313566553,1.0467209715865606,1.2846270215845834,SAFE,4.088947130717601,-0.7929057771357421
12.737851619720459,SAFE_RECOVERY,SAFE_RECOVERY,False,False,1.065481185913086,inf,inf,inf,DYNAMIC_LIMIT_HORIZONTAL,0.0,1.6841441479100059,1.0440139016900263,1.32150538554237,SAFE,3.8697268551138895,-0.788129904150112
12.787858009338379,SAFE_RECOVERY,SAFE_RECOVERY,False,False,1.11552095413208,inf,inf,inf,DYNAMIC_LIMIT_HORIZONTAL,0.0,1.7155529643859229,1.0453829972062216,1.360255991630055,SAFE,3.6328318327396367,-0.7887850518858597
12.837833881378174,SAFE_RECOVERY,SAFE_RECOVERY,False,False,1.165565013885498,inf,inf,inf,DYNAMIC_LIMIT_HORIZONTAL,0.0,1.7380699906020238,1.03375058176106,1.397228337438083,SAFE,3.401904558087028,-0.7914774945447458
12.887920379638672,SAFE_RECOVERY,SAFE_RECOVERY,False,False,1.2155799865722656,inf,inf,inf,DYNAMIC_LIMIT_HORIZONTAL,0.0,1.748180180046143,1.0040059705425854,1.4311205235831836,SAFE,3.184495107976429,-0.7984323989675932
12.937819004058838,SAFE_RECOVERY,SAFE_RECOVERY,False,False,1.2654657363891602,inf,inf,inf,DYNAMIC_LIMIT_HORIZONTAL,0.0,1.7549633873193309,0.967415219794927,1.4642418800664299,SAFE,2.969338986198931,-0.8075122361131549
12.9878408908844,SAFE_RECOVERY,SAFE_RECOVERY,False,False,1.3155403137207031,inf,inf,inf,DYNAMIC_LIMIT_HORIZONTAL,0.0,1.770425117435758,0.9387087316497651,1.501076618155085,SAFE,2.7348386178971618,-0.8189956013948234
13.03795075416565,SAFE_RECOVERY,SAFE_RECOVERY,False,False,1.3655118942260742,inf,inf,inf,DYNAMIC_LIMIT_HORIZONTAL,0.0,1.7798543143418812,0.8995045674938564,1.5358297149551114,SAFE,2.513303839641189,-0.8288233674937927
13.08795976638794,SAFE_RECOVERY,SAFE_RECOVERY,False,False,1.4156148433685303,inf,inf,inf,DYNAMIC_LIMIT_HORIZONTAL,0.0,1.7850157008747654,0.8526514341382161,1.5682048922993046,SAFE,2.308851154818363,-0.8320331164557841
13.137894630432129,SAFE_RECOVERY,SAFE_RECOVERY,False,False,1.4655122756958008,inf,inf,inf,DYNAMIC_LIMIT_HORIZONTAL,0.0,1.7922110235501225,0.8105914332511807,1.5984248125183662,SAFE,2.14308655087494,-0.7417745212927868
13.18822169303894,SAFE_RECOVERY,SAFE_RECOVERY,False,False,1.5155487060546875,inf,inf,inf,DYNAMIC_LIMIT_HORIZONTAL,0.0,1.8019221721060659,0.7822714954452593,1.6232605526351214,SAFE,2.0082508587062975,-0.5438595281091474
13.222367525100708,REACQUIRE,VISUAL_BRAKING,False,False,1.5655102729797363,inf,inf,inf,DYNAMIC_LIMIT_HORIZONTAL,0.0,nan,nan,nan,SAFE,1.8524371826029822,-0.26830995082855225
13.237994194030762,REACQUIRE,VISUAL_BRAKING,False,False,1.5655102729797363,inf,inf,inf,DYNAMIC_LIMIT_HORIZONTAL,0.0,1.8059262796548616,0.7642495987327973,1.6362433432667671,SAFE,1.8880997146360126,-0.32895197329625264
13.28797960281372,REACQUIRE,VISUAL_BRAKING,False,False,1.6155891418457031,inf,inf,inf,DYNAMIC_LIMIT_HORIZONTAL,0.0,1.8055934551594002,0.760472984920737,1.6376350522995669,SAFE,1.7609724525100094,-0.1532729183982625
13.337931871414185,REACQUIRE,VISUAL_BRAKING,False,False,1.6655879020690918,inf,inf,inf,DYNAMIC_LIMIT_HORIZONTAL,0.0,1.8093129305055313,0.7770523111912274,1.6339531774707883,SAFE,1.565775632618174,-0.14102572223728724
13.388020753860474,REACQUIRE,VISUAL_BRAKING,False,False,1.7155506610870361,inf,inf,inf,DYNAMIC_LIMIT_HORIZONTAL,0.0,1.8250930103863294,0.8167265944001607,1.6321526174229388,SAFE,1.3488164740102624,-0.21565936788110734
13.437873601913452,REACQUIRE,VISUAL_BRAKING,False,False,1.7655436992645264,inf,inf,inf,DYNAMIC_LIMIT_HORIZONTAL,0.0,1.8557066646596592,0.8787709491678951,1.6344445062958954,SAFE,1.1705728765534116,-0.3346235203196918
13.487829208374023,REACQUIRE,VISUAL_BRAKING,False,False,1.8156075477600098,inf,inf,inf,DYNAMIC_LIMIT_HORIZONTAL,0.0,1.904035990250004,0.9636301469495917,1.6421845182735164,SAFE,1.0482670849011124,-0.47724603189347664
13.53785228729248,REACQUIRE,VISUAL_BRAKING,False,False,1.865485429763794,inf,inf,inf,DYNAMIC_LIMIT_HORIZONTAL,0.0,1.972147612048443,1.0694131901884212,1.657021916680464,SAFE,0.9671773361697578,-0.6320868826346089
13.587886333465576,REACQUIRE,VISUAL_BRAKING,False,False,1.9155480861663818,inf,inf,inf,DYNAMIC_LIMIT_HORIZONTAL,0.0,2.0619965229023283,1.1908291603321473,1.6833762417724463,SAFE,0.9178959547578179,-0.8048644773348631
13.637800931930542,REACQUIRE,VISUAL_BRAKING,False,False,1.9655194282531738,inf,inf,inf,DYNAMIC_LIMIT_HORIZONTAL,0.0,2.1687557355114873,1.3248675633277642,1.7170402965440053,SAFE,0.8953487579153324,-0.9683188346424731
13.687926530838013,REACQUIRE,VISUAL_BRAKING,True,False,0.06342864036560059,0.06342864036560059,inf,inf,DYNAMIC_LIMIT_HORIZONTAL,0.0,2.289765074520078,1.4694305077390526,1.7560746223944157,SAFE,0.8878960469083447,-1.1258004107621684
13.739109992980957,REACQUIRE,VISUAL_BRAKING,True,False,0.11355781555175781,0.11355781555175781,0.11355781555175781,0.05483365058898926,DYNAMIC_LIMIT_HORIZONTAL,0.0,2.424789050901102,1.6207331114616508,1.8035592928378326,SAFE,0.8848238395789179,-1.2865194025582727
13.787981271743774,REACQUIRE,VISUAL_BRAKING,True,False,0.0634005069732666,0.0634005069732666,0.11541557312011719,0.039040565490722656,DYNAMIC_LIMIT_HORIZONTAL,0.0,2.575478598052725,1.7764558667946495,1.8647505362268972,SAFE,0.8791877629236887,-1.4609035460368065
13.83791995048523,REACQUIRE,VISUAL_BRAKING,True,False,0.11351633071899414,0.11351633071899414,0.11351633071899414,0.052097320556640625,DYNAMIC_LIMIT_HORIZONTAL,0.0,2.7357212983559402,1.936678190084851,1.932213396684739,SAFE,0.8664346876316344,-1.6265772242202738
13.888261318206787,REACQUIRE,VISUAL_BRAKING,True,False,0.11551403999328613,0.11551403999328613,0.11551403999328613,0.04830193519592285,DYNAMIC_LIMIT_HORIZONTAL,0.0,2.9042480452885004,2.1016824644955237,2.004392059202515,SAFE,0.8442194072569992,-1.7888476817720755
13.937841892242432,REACQUIRE,VISUAL_BRAKING,True,False,0.06549906730651855,0.06549906730651855,0.06549906730651855,0.015799760818481445,DYNAMIC_LIMIT_HORIZONTAL,0.0,3.0825027214959166,2.26999550694393,2.0854120519657746,SAFE,0.8105415180902243,-1.951686810977424
13.987917423248291,REACQUIRE,VISUAL_BRAKING,True,False,0.06334972381591797,0.11536169052124023,0.11536169052124023,0.06566238403320312,DYNAMIC_LIMIT_HORIZONTAL,0.0,3.2738202067749147,2.440320490714552,2.1823690450715327,SAFE,0.7616426554267691,-2.1218531447117535
14.037865161895752,REACQUIRE,VISUAL_BRAKING,True,False,0.06544995307922363,0.06544995307922363,0.06544995307922363,0.016854524612426758,DYNAMIC_LIMIT_HORIZONTAL,0.0,3.4729238345027134,2.6148431927021822,2.2855623023308924,SAFE,0.7045670330887381,-2.2794147865880965
14.08791446685791,REACQUIRE,VISUAL_BRAKING,True,False,0.06351208686828613,0.06351208686828613,0.06351208686828613,0.013590812683105469,DYNAMIC_LIMIT_HORIZONTAL,0.0,3.6766036379432454,2.793317648863244,2.390562867419852,SAFE,0.6447201468714859,-2.4246079897896666
14.137912034988403,REACQUIRE,VISUAL_BRAKING,True,False,0.06550717353820801,0.06550717353820801,0.11349344253540039,0.06357216835021973,DYNAMIC_LIMIT_HORIZONTAL,0.0,3.8874366667063236,2.974796483707796,2.5025486445167267,SAFE,0.5869221367461419,-2.516955304664685
14.187975883483887,REACQUIRE,VISUAL_BRAKING,True,False,0.06350016593933105,0.06350016593933105,0.11551094055175781,0.052514076232910156,DYNAMIC_LIMIT_HORIZONTAL,0.0,4.108648398222529,3.1584737651321437,2.627743354132693,SAFE,0.5312998159973724,-2.547760282759575
14.240298986434937,REACQUIRE,VISUAL_BRAKING,True,False,0.06616091728210449,0.11416244506835938,0.11416244506835938,0.05313706398010254,DYNAMIC_LIMIT_HORIZONTAL,0.0,4.331386574087715,3.344584934467807,2.7522102518372913,SAFE,0.48306021607604094,-2.523609088321615
14.287938833236694,REACQUIRE,VISUAL_BRAKING,True,False,0.06562185287475586,0.06562185287475586,0.06562185287475586,0.00834965705871582,DYNAMIC_LIMIT_HORIZONTAL,0.0,4.546358471683249,3.5349333449570284,2.85895463408515,SAFE,0.4460057667509573,-2.469227973057927
14.337878704071045,REACQUIRE,VISUAL_BRAKING,True,False,0.06552672386169434,0.06552672386169434,0.06552672386169434,0.013854265213012695,DYNAMIC_LIMIT_HORIZONTAL,0.0,4.770896748148194,3.724993013868874,2.9809197956535316,SAFE,0.40705328698483645,-2.390211201850253
14.38828420639038,REACQUIRE,VISUAL_BRAKING,True,False,0.06346988677978516,0.06346988677978516,0.11545538902282715,0.06378293037414551,DYNAMIC_LIMIT_HORIZONTAL,0.0,4.993798708044291,3.9171756605773913,3.0973795990554516,SAFE,0.37320789359287465,-2.291714428286037
14.437928676605225,REACQUIRE,VISUAL_BRAKING,True,False,0.0654439926147461,0.0654439926147461,0.11343979835510254,0.05268979072570801,DYNAMIC_LIMIT_HORIZONTAL,0.0,5.216459650750896,4.111305893751025,3.2107032151726895,SAFE,0.34302106754984096,-2.173798098628675
14.48800802230835,REACQUIRE,VISUAL_BRAKING,True,False,0.11560821533203125,0.11560821533203125,0.11560821533203125,0.05396080017089844,DYNAMIC_LIMIT_HORIZONTAL,0.0,5.431933069732219,4.306789937549632,3.310205025050823,SAFE,0.3180065191458836,-2.0584009600178934
19.53785729408264,FAR_GUIDANCE,FAR_GUIDANCE,True,True,0.11349916458129883,0.11349916458129883,0.11349916458129883,0.04850959777832031,HORIZON_INSUFFICIENT,0.0,6.330430484439802,6.219182538017695,1.1815746599942494,SAFE,6.385030128321244,0.013139617546277266
19.587899923324585,FAR_GUIDANCE,FAR_GUIDANCE,True,True,0.11555147171020508,0.11555147171020508,0.11555147171020508,0.04315948486328125,HORIZON_INSUFFICIENT,0.0,6.190202282532485,6.074243120015738,1.1925497128471687,SAFE,6.383966372152831,0.011816372656873587
19.63785457611084,FAR_GUIDANCE,FAR_GUIDANCE,True,True,0.06552696228027344,0.06552696228027344,0.06552696228027344,0.018547773361206055,HORIZON_INSUFFICIENT,0.0,6.064199785560932,5.943515728876585,1.2038022345027755,SAFE,6.382879923764502,0.010882246418931594
19.687804698944092,FAR_GUIDANCE,FAR_GUIDANCE,True,True,0.11553430557250977,0.11553430557250977,0.11553430557250977,0.06855511665344238,HORIZON_INSUFFICIENT,0.0,5.958899511833378,5.833668194776907,1.2152361027291816,SAFE,6.381451719801339,0.009665424698751668
19.737868785858154,FAR_GUIDANCE,FAR_GUIDANCE,True,True,0.11352086067199707,0.11352086067199707,0.11352086067199707,0.04226827621459961,HORIZON_INSUFFICIENT,0.0,5.8501866176430495,5.720140334715504,1.2266531752743397,SAFE,6.380017737069984,0.008300117585310317
19.787923097610474,FAR_GUIDANCE,FAR_GUIDANCE,True,True,0.06337285041809082,0.06337285041809082,0.11536955833435059,0.04877758026123047,HORIZON_INSUFFICIENT,0.0,5.7269137111553015,5.59153083203849,1.237870594764067,SAFE,6.3782824172938914,0.007576027722187682
19.837893962860107,FAR_GUIDANCE,FAR_GUIDANCE,True,True,0.06545090675354004,0.06545090675354004,0.06545090675354004,0.017908573150634766,HORIZON_INSUFFICIENT,0.0,5.599735753359727,5.458710127329753,1.2488091340324277,SAFE,6.376639047012013,0.007260298213025195
19.887962341308594,FAR_GUIDANCE,FAR_GUIDANCE,True,True,0.06338071823120117,0.06338071823120117,0.11534738540649414,0.06780505180358887,HORIZON_INSUFFICIENT,0.0,5.498065902252793,5.351862367712458,1.2594831728046285,SAFE,6.3749276173457705,0.006562344949206758
19.937950611114502,FAR_GUIDANCE,FAR_GUIDANCE,True,True,0.11353802680969238,0.11353802680969238,0.11353802680969238,0.05184221267700195,HORIZON_INSUFFICIENT,0.0,5.391844922313165,5.240191969654985,1.2697951753876175,SAFE,6.373182026561964,0.005715586807073223
19.987943172454834,FAR_GUIDANCE,FAR_GUIDANCE,True,True,0.06340408325195312,0.06340408325195312,0.06340408325195312,0.008985757827758789,HORIZON_INSUFFICIENT,0.0,5.266204317669241,5.108323241754308,1.2798209144997272,SAFE,6.371375168778093,0.00513119252318906
20.037912845611572,FAR_GUIDANCE,FAR_GUIDANCE,True,True,0.06565380096435547,0.06565380096435547,0.06565380096435547,0.018021583557128906,HORIZON_INSUFFICIENT,0.0,5.146726284123024,4.9825792946846645,1.2894553175129642,SAFE,6.369349420830251,0.0050757260015842735
20.087849855422974,FAR_GUIDANCE,FAR_GUIDANCE,True,True,0.11558151245117188,0.11558151245117188,0.11558151245117188,0.06794929504394531,HORIZON_INSUFFICIENT,0.0,5.046580892689823,4.876620331782036,1.2986734948061738,SAFE,6.367723576924526,0.004409753697361922
20.138413667678833,FAR_GUIDANCE,FAR_GUIDANCE,True,True,0.11358213424682617,0.11358213424682617,0.11358213424682617,0.04740786552429199,HORIZON_INSUFFICIENT,0.0,4.944432798943531,4.768439110735029,1.3074418344542433,SAFE,6.366168271355947,0.003899102307019304
20.188549757003784,FAR_GUIDANCE,FAR_GUIDANCE,True,True,0.11558985710144043,0.11558985710144043,0.11558985710144043,0.0407719612121582,CAPTURE_GEOMETRY,0.0,4.819440667881656,4.636402628306234,1.3155907492326875,SAFE,6.364472698259392,0.0038564405143938314
20.237950325012207,FAR_GUIDANCE,FAR_GUIDANCE,True,True,0.06575489044189453,0.06575489044189453,0.06575489044189453,0.0064563751220703125,CAPTURE_GEOMETRY,0.0,4.706452632426136,4.516680694703843,1.3229859724730684,SAFE,6.362717050779734,0.004165130740688507
20.287963390350342,FAR_GUIDANCE,FAR_GUIDANCE,True,True,0.06339764595031738,0.06339764595031738,0.11541485786437988,0.056116342544555664,CAPTURE_GEOMETRY,0.0,4.606844310994226,4.410794157883594,1.3296275427802402,SAFE,6.360981083099595,0.004030010173944925
20.33797335624695,FAR_GUIDANCE,FAR_GUIDANCE,True,True,0.06588220596313477,0.06588220596313477,0.11387062072753906,0.05296683311462402,CAPTURE_GEOMETRY,0.0,4.504946051160313,4.302406203533506,1.3356046509582449,SAFE,6.35938931045993,0.0038996591441723214
20.387788772583008,FAR_GUIDANCE,FAR_GUIDANCE,True,True,0.1155402660369873,0.1155402660369873,0.1155402660369873,0.05097794532775879,CAPTURE_GEOMETRY,0.0,4.384629301616774,4.174590420360227,1.3408090597967413,SAFE,6.357743771990954,0.004484561036574457
20.43779492378235,FAR_GUIDANCE,FAR_GUIDANCE,True,True,0.11350822448730469,0.11350822448730469,0.11350822448730469,0.04386425018310547,CAPTURE_GEOMETRY,0.0,4.269532319164174,4.052155054649809,1.3449704968747143,SAFE,6.355582518120033,0.006045065612155706
20.48809266090393,FAR_GUIDANCE,FAR_GUIDANCE,True,True,0.06355857849121094,0.06355857849121094,0.06355857849121094,0.013221502304077148,CAPTURE_GEOMETRY,0.0,4.1730907220738045,3.9493336212474692,1.3481283776936166,SAFE,6.351922339428507,0.007788938271010473
20.53790807723999,FAR_GUIDANCE,FAR_GUIDANCE,True,True,0.06547808647155762,0.06547808647155762,0.11346983909606934,0.06313276290893555,CAPTURE_GEOMETRY,0.0,4.072913617248288,3.842553238469348,1.3503369739051263,SAFE,6.34570510515054,0.009711239930993596
20.587947368621826,FAR_GUIDANCE,FAR_GUIDANCE,True,True,0.06497001647949219,0.06497001647949219,0.06497001647949219,0.008222579956054688,CAPTURE_GEOMETRY,0.0,3.9547776683489757,3.7166448518926307,1.351598110005991,SAFE,6.335593480509485,0.011652915571317254
20.637885570526123,FAR_GUIDANCE,FAR_GUIDANCE,True,True,0.06543636322021484,0.06543636322021484,0.06543636322021484,0.02280282974243164,CAPTURE_GEOMETRY,0.0,3.8420663092593594,3.5963284331601324,1.3519967920042633,SAFE,6.321218861870092,0.012647354890044047
20.687891721725464,FAR_GUIDANCE,FAR_GUIDANCE,True,True,0.06349349021911621,0.06349349021911621,0.11550116539001465,0.07286763191223145,CAPTURE_GEOMETRY,0.0,3.7480983484412436,3.4959222878611413,1.351580033451109,SAFE,6.3021847106980795,0.012475674082115912
20.73785638809204,FAR_GUIDANCE,FAR_GUIDANCE,True,True,0.06551170349121094,0.06551170349121094,0.06551170349121094,0.016713857650756836,CAPTURE_GEOMETRY,0.0,3.652730832684134,3.393959780813465,1.3503627446956412,SAFE,6.276426600218453,0.011712002677156868
20.787848472595215,FAR_GUIDANCE,FAR_GUIDANCE,True,True,0.06340932846069336,0.06340932846069336,0.11542272567749023,0.06662487983703613,CAPTURE_GEOMETRY,0.0,3.5384633790808877,3.2714520828187696,1.3484525779267391,SAFE,6.240599299473548,0.010767383887706459
20.838447093963623,FAR_GUIDANCE,FAR_GUIDANCE,True,True,0.11353921890258789,0.11353921890258789,0.11353921890258789,0.053696393966674805,CAPTURE_GEOMETRY,0.0,3.4328497909337177,3.158083118600024,1.3457223722325555,SAFE,6.19808405983019,0.010201141893968478
20.88785409927368,FAR_GUIDANCE,FAR_GUIDANCE,True,True,0.11557888984680176,0.11557888984680176,0.11557888984680176,0.048261165618896484,NONE,0.0,3.3570667507871703,3.0771179680561516,1.3421036397785047,SAFE,6.153154360779247,0.010076027492871138
20.937983989715576,FAR_GUIDANCE,FAR_GUIDANCE,True,True,0.0655982494354248,0.0655982494354248,0.11359071731567383,0.04700493812561035,NONE,0.0,3.2595825500226776,2.9724383900302525,1.3377176151515322,SAFE,6.0983135799135315,0.010672123446677352
20.987903118133545,FAR_GUIDANCE,FAR_GUIDANCE,True,True,0.0635831356048584,0.0635831356048584,0.0635831356048584,0.013857841491699219,NONE,0.0,3.1578735439273986,2.8630074932641763,1.3324238863626567,SAFE,6.035371275427245,0.011315797701150794
21.037930727005005,FAR_GUIDANCE,FAR_GUIDANCE,True,True,0.065521240234375,0.065521240234375,0.065521240234375,0.020962953567504883,NONE,0.0,3.0620706950762426,2.7599259279874553,1.3263053244510814,SAFE,5.967892211677101,0.011307787305129692
21.087945699691772,FAR_GUIDANCE,FAR_GUIDANCE,True,True,0.06355881690979004,0.06355881690979004,0.06355881690979004,0.019009113311767578,NONE,0.0,2.987914796438717,2.6808474676337384,1.3193527527008064,SAFE,5.89997738665312,0.010944746132038503
21.137914657592773,FAR_GUIDANCE,FAR_GUIDANCE,True,True,0.06541872024536133,0.06541872024536133,0.06541872024536133,0.017183303833007812,NONE,0.0,2.9129326624550753,2.6009295310542178,1.311618187769482,SAFE,5.826521027121348,0.010931358257597489
21.18793249130249,FAR_GUIDANCE,FAR_GUIDANCE,True,True,0.06340312957763672,0.06340312957763672,0.06340312957763672,0.010277509689331055,NONE,0.0,2.82504104671917,2.5065727463132608,1.3030540982966679,SAFE,5.743163001438116,0.011753436865455592
21.23798155784607,FAR_GUIDANCE,FAR_GUIDANCE,True,True,0.0655968189239502,0.0655968189239502,0.0655968189239502,0.01790618896484375,NONE,0.0,2.7462016203897646,2.42239182760018,1.2936928435325092,SAFE,5.65734425624216,0.012420152453512131
21.28783416748047,FAR_GUIDANCE,FAR_GUIDANCE,True,True,0.06353640556335449,0.06353640556335449,0.06353640556335449,0.009018182754516602,NONE,0.0,2.685697535093772,2.359082063322258,1.2836288671263045,SAFE,5.573766720229892,0.013734681781984955
21.337865591049194,FAR_GUIDANCE,FAR_GUIDANCE,True,True,0.06557273864746094,0.06557273864746094,0.06557273864746094,0.015006065368652344,NONE,0.0,2.625400442038989,2.2961522956106752,1.2729540904605885,SAFE,5.486502892693548,0.01487223705335044
21.387909650802612,FAR_GUIDANCE,FAR_GUIDANCE,True,True,0.06343293190002441,0.06343293190002441,0.06343293190002441,0.008339881896972656,NONE,0.0,2.555040675234771,2.2217902003523187,1.2616977283496076,SAFE,5.391908137803709,0.016643891875799767
21.438477039337158,FAR_GUIDANCE,FAR_GUIDANCE,True,True,0.06590890884399414,0.1138923168182373,0.1138923168182373,0.05879926681518555,NONE,0.0,2.491398424043541,2.15509015402582,1.2500610126500256,SAFE,5.297386785577823,0.01770854261158285
21.48788619041443,FAR_GUIDANCE,FAR_GUIDANCE,True,True,0.06341552734375,0.06341552734375,0.1154317855834961,0.04944801330566406,NONE,0.0,2.4484391090207196,2.112328491116296,1.2381124408552433,SAFE,5.209149558550372,0.019032599489168855
21.53779625892639,FAR_GUIDANCE,FAR_GUIDANCE,True,True,0.06560087203979492,0.06560087203979492,0.11359167098999023,0.05379176139831543,NONE,0.0,2.4023036089337597,2.0660294627551536,1.225799693475169,SAFE,5.118496997940265,0.02071455864078593
21.587902545928955,FAR_GUIDANCE,FAR_GUIDANCE,True,True,0.06354284286499023,0.06354284286499023,0.06354284286499023,0.01604771614074707,NONE,0.0,2.3490433921804703,2.0115275454810235,1.213161898560048,SAFE,5.023722661703068,0.021915841907986747
21.637906551361084,FAR_GUIDANCE,FAR_GUIDANCE,True,True,0.06554961204528809,0.06554961204528809,0.06554937362670898,0.01739501953125,NONE,0.0,2.3018566182251887,1.9640732620722448,1.2003999800399838,SAFE,4.931553830065756,0.022066433782666404
21.687914848327637,FAR_GUIDANCE,FAR_GUIDANCE,True,True,0.06354522705078125,0.06354522705078125,0.06354522705078125,0.017055273056030273,NONE,0.0,2.2721866082868596,1.9370537553905376,1.1877098684466496,SAFE,4.848238162742428,0.02184298995428379
21.737862825393677,FAR_GUIDANCE,FAR_GUIDANCE,True,True,0.06555032730102539,0.06555032730102539,0.06555032730102539,0.013847827911376953,NONE,0.0,2.242883840924281,1.9105108435967362,1.174936696328165,SAFE,4.765848055223297,0.02134950689445069
21.78797435760498,FAR_GUIDANCE,FAR_GUIDANCE,True,True,0.06353878974914551,0.06353878974914551,0.06353878974914551,0.01792740821838379,NONE,0.0,2.204147416763308,1.872867678471415,1.1621671539677312,SAFE,4.680384646332684,0.020824667760086072
21.83786368370056,FAR_GUIDANCE,FAR_GUIDANCE,True,True,0.06535720825195312,0.06535720825195312,0.1133418083190918,0.06773042678833008,NONE,0.0,2.170511347392429,1.8410552427100935,1.149623896084705,SAFE,4.598723074190786,0.019756376867907023
21.88799810409546,FAR_GUIDANCE,FAR_GUIDANCE,True,True,0.06337785720825195,0.06337785720825195,0.11539626121520996,0.051439762115478516,NONE,0.0,2.152444086898483,1.827395502332602,1.1373834996512047,SAFE,4.525674441339499,0.018774983967318554
21.93793749809265,FAR_GUIDANCE,FAR_GUIDANCE,True,True,0.06543469429016113,0.06543469429016113,0.06543469429016113,0.018259048461914062,NONE,0.0,2.134064410093228,1.8131116777710796,1.1255474003153738,SAFE,4.4548777670452715,0.017586454391641915
21.980154037475586,TERMINAL_MINCO,PLAN_ACCEPTED,True,True,0.0714719295501709,0.0714719295501709,0.0714719295501709,0.027314186096191406,NONE,1.3663477897644043,nan,nan,nan,HOLD,4.350726587053218,0.015212209895253181
21.987961530685425,TERMINAL_MINCO,PLAN_ACCEPTED,True,True,0.0714719295501709,0.0714719295501709,0.0714719295501709,0.027314186096191406,NONE,1.3663477897644043,2.1162532260240985,1.799169311368006,1.114234044395063,HOLD,4.387123187160303,0.0162727962741747
22.03801655769348,TERMINAL_MINCO,TRACKING,True,True,0.06550145149230957,0.06550145149230957,0.06550145149230957,0.01856231689453125,NONE,1.3243203163146973,2.087147047849603,1.771535184342197,1.1035605511185014,SAFE,4.318861037472292,0.013902649657687765
22.087976217269897,TERMINAL_MINCO,TRACKING,True,True,0.06340384483337402,0.06340384483337402,0.11542057991027832,0.0684814453125,NONE,1.2744011878967285,2.08040075902354,1.7695602439796263,1.0939487470043958,SAFE,4.260715437365588,-0.0053438767111866625
22.141250610351562,TERMINAL_MINCO,PLAN_ACCEPTED,True,True,0.07583260536193848,0.12381720542907715,0.12381720542907715,0.06263518333435059,NONE,1.2139878273010254,2.0755634996240464,1.766956039423303,1.0889583076119738,HOLD,4.195780380073125,-0.13134160547984508
22.187973976135254,TERMINAL_MINCO,TRACKING,True,True,0.11555624008178711,0.11555624008178711,0.11555624008178711,0.04130673408508301,NONE,1.1742641925811768,2.0641910118608346,1.7547895256560804,1.0870134562620484,SAFE,4.131112325951533,-0.04149442878943686
22.23828101158142,TERMINAL_MINCO,TRACKING,True,True,0.11359882354736328,0.11359882354736328,0.11359882354736328,0.021897077560424805,NONE,1.124211072921753,2.0537321321266337,1.748328467894577,1.077572846205216,SAFE,4.058250239722891,0.16645928163449464
22.2806978225708,SAFE_RECOVERY,NO_VALID_PLAN,True,False,0.11556196212768555,0.11556196212768555,inf,inf,PLAN_STALE_ON_ARRIVAL,0.0,nan,nan,nan,SAFE,3.9177954832876325,0.5077162384986877
22.28793454170227,SAFE_RECOVERY,NO_VALID_PLAN,True,False,0.11556196212768555,0.11556196212768555,inf,inf,PLAN_STALE_ON_ARRIVAL,0.0,2.0576603651193186,1.7641894047125048,1.0590570912293187,SAFE,3.9778960066919,0.3696015307865045
22.337976694107056,SAFE_RECOVERY,SAFE_RECOVERY,True,False,0.1134955883026123,0.1134955883026123,inf,inf,PLAN_STALE_ON_ARRIVAL,0.0,2.0488846704775123,1.7709262420004064,1.0304118779944564,SAFE,3.877433521091295,0.5732411673309387
22.387991189956665,SAFE_RECOVERY,SAFE_RECOVERY,True,False,0.06397128105163574,0.06397128105163574,0.06397128105163574,0.00818324089050293,PLAN_STALE_ON_ARRIVAL,0.0,2.0410763895612805,1.7803436274027915,0.9981830475372646,SAFE,3.667577075876462,0.47617203554632115
22.437992095947266,SAFE_RECOVERY,SAFE_RECOVERY,True,False,0.0665748119354248,0.0665748119354248,0.0665748119354248,0.00605320930480957,PLAN_STALE_ON_ARRIVAL,0.0,2.0483157056861394,1.8013391964858996,0.9750765761539153,SAFE,3.4268916772509677,0.2795964455275376
22.48795771598816,SAFE_RECOVERY,SAFE_RECOVERY,True,False,0.0634772777557373,0.0634772777557373,0.0634772777557373,0.007666110992431641,PLAN_STALE_ON_ARRIVAL,0.0,2.0827264143293243,1.8462018560430942,0.9639958628998982,SAFE,3.2012545489161823,0.0762237870613552
22.53784155845642,SAFE_RECOVERY,SAFE_RECOVERY,True,False,0.06559419631958008,0.06559419631958008,0.06559419631958008,0.01456904411315918,PLAN_STALE_ON_ARRIVAL,0.0,2.1308776761704444,1.900412955419964,0.9638829128444555,SAFE,2.973420718603009,-0.14590709162925491
22.58790683746338,SAFE_RECOVERY,SAFE_RECOVERY,True,False,0.06352615356445312,0.06352615356445312,0.06352615356445312,0.011737346649169922,PLAN_STALE_ON_ARRIVAL,0.0,2.1868874912730245,1.9563563912744388,0.977316003044091,SAFE,2.731192287208359,-0.3965797143651888
22.63783073425293,SAFE_RECOVERY,SAFE_RECOVERY,True,False,0.11353182792663574,0.11353182792663574,0.11353182792663574,0.06174302101135254,PLAN_STALE_ON_ARRIVAL,0.0,2.2616290499855265,2.026896393182056,1.0033229644755504,SAFE,2.5004974294558977,-0.6398601360167804
22.68792152404785,SAFE_RECOVERY,SAFE_RECOVERY,True,False,0.06348061561584473,0.06348061561584473,0.06348061561584473,0.013348817825317383,PLAN_STALE_ON_ARRIVAL,0.0,2.355641721997267,2.1133629114332493,1.0405503961810931,SAFE,2.2933293559999153,-0.8475962247791087
22.73777484893799,SAFE_RECOVERY,SAFE_RECOVERY,True,False,0.06557464599609375,0.06557464599609375,0.11356306076049805,0.0634312629699707,PLAN_STALE_ON_ARRIVAL,0.0,2.4619812000059986,2.2085265652331896,1.0880081984260355,SAFE,2.092704174093027,-1.044722189663435
22.787904262542725,SAFE_RECOVERY,SAFE_RECOVERY,True,False,0.06345033645629883,0.06345033645629883,0.11545562744140625,0.05428957939147949,PLAN_STALE_ON_ARRIVAL,0.0,2.577355454060689,2.3056250685794097,1.1518915659533986,SAFE,1.86906101004987,-1.2719498793205268
22.837905168533325,SAFE_RECOVERY,SAFE_RECOVERY,True,False,0.0659174919128418,0.11391091346740723,0.11391091346740723,0.051926374435424805,PLAN_STALE_ON_ARRIVAL,0.0,2.7087029823792763,2.4158244113393947,1.225097653384028,SAFE,1.6613280075141408,-1.4308996944071257
22.887962579727173,SAFE_RECOVERY,SAFE_RECOVERY,True,False,0.06352591514587402,0.06352591514587402,0.06352591514587402,0.011170387268066406,PLAN_STALE_ON_ARRIVAL,0.0,2.852388136008427,2.5395980945421477,1.2986760938122797,SAFE,1.5085541827971443,-1.397194215971246
22.937878131866455,SAFE_RECOVERY,SAFE_RECOVERY,True,False,0.06554746627807617,0.06554746627807617,0.06554746627807617,0.011763572692871094,PLAN_STALE_ON_ARRIVAL,0.0,2.9996109853736317,2.6690414443071537,1.3688987662150016,SAFE,1.3845450906920693,-1.2429330839284076
22.987931728363037,SAFE_RECOVERY,SAFE_RECOVERY,True,False,0.06350588798522949,0.06350588798522949,0.06350588798522949,0.014232397079467773,PLAN_STALE_ON_ARRIVAL,0.0,3.1451636054513306,2.7995616503141028,1.4333557378216304,SAFE,1.2885048269016337,-0.9549608767231283
23.03779935836792,SAFE_RECOVERY,SAFE_RECOVERY,True,False,0.06544065475463867,0.06544065475463867,0.06544065475463867,0.01637578010559082,PLAN_STALE_ON_ARRIVAL,0.0,3.28861437382891,2.935747734895924,1.4820154306914506,SAFE,1.1948591653567393,-0.6664687350324856
23.072210788726807,TARGET_LOCK,VISUAL_BRAKING,True,True,0.06357479095458984,0.06357479095458984,0.06357479095458984,0.015254497528076172,PLAN_STALE_ON_ARRIVAL,0.0,nan,nan,nan,SAFE,1.0769262137898166,-0.3798222243785858
23.08789324760437,TARGET_LOCK,VISUAL_BRAKING,True,True,0.06357479095458984,0.06357479095458984,0.06357479095458984,0.015254497528076172,PLAN_STALE_ON_ARRIVAL,0.0,3.43382927238014,3.0812458211295795,1.5156212131090765,SAFE,1.0935384893206148,-0.41488573666383166
23.137869358062744,TARGET_LOCK,VISUAL_BRAKING,True,True,0.06553101539611816,0.06553101539611816,0.11351299285888672,0.06519269943237305,PLAN_STALE_ON_ARRIVAL,0.0,3.578147018023572,3.2300053202718018,1.539545943974013,SAFE,0.9582054670613552,-0.2099070323608377
23.143375158309937,FAR_GUIDANCE,VISUAL_BRAKING,True,True,0.06553101539611816,0.06553101539611816,0.11351299285888672,0.06519269943237305,PLAN_STALE_ON_ARRIVAL,0.0,nan,nan,nan,SAFE,0.7839331281732344,-0.19820262491703033
23.187793254852295,FAR_GUIDANCE,FAR_GUIDANCE,True,True,0.0634157657623291,0.0634157657623291,0.11542725563049316,0.05623745918273926,HORIZON_INSUFFICIENT,0.0,3.7285514714221013,3.3866954294941305,1.5596121770772,SAFE,0.7086680628027238,-0.21271222868432468
23.2378408908844,FAR_GUIDANCE,FAR_GUIDANCE,True,True,0.06549334526062012,0.06549334526062012,0.1134788990020752,0.05284261703491211,HORIZON_INSUFFICIENT,0.0,3.8922866021022915,3.55629346774104,1.5819834904977397,SAFE,0.4630945280251056,-0.29187272905903205
23.287923336029053,FAR_GUIDANCE,FAR_GUIDANCE,True,True,0.06356501579284668,0.06356501579284668,0.06356501579284668,0.016866683959960938,HORIZON_INSUFFICIENT,0.0,4.070031133065719,3.739035985749075,1.6077199138524283,SAFE,0.2911499870614783,-0.346553558887718
23.33782410621643,FAR_GUIDANCE,FAR_GUIDANCE,True,True,0.06540703773498535,0.11339569091796875,0.11339569091796875,0.06669735908508301,HORIZON_INSUFFICIENT,0.0,4.2552164377703505,3.928351564142538,1.6355185479748822,SAFE,0.18407826340697983,-0.3602605881526949
23.387932538986206,FAR_GUIDANCE,FAR_GUIDANCE,True,True,0.06353211402893066,0.06353211402893066,0.06353211402893066,0.014305353164672852,HORIZON_INSUFFICIENT,0.0,4.445457445932873,4.121950087429962,1.664818122299294,SAFE,0.12959513950067908,-0.3328432485631061
23.437814950942993,FAR_GUIDANCE,FAR_GUIDANCE,True,True,0.06554341316223145,0.06554341316223145,0.06554341316223145,0.01947784423828125,HORIZON_INSUFFICIENT,0.0,4.637318140702777,4.317673399027083,1.691867594531257,SAFE,0.11503803965897759,-0.26982115521318784
23.48792791366577,FAR_GUIDANCE,FAR_GUIDANCE,True,True,0.11562037467956543,0.11562037467956543,0.11562037467956543,0.06955480575561523,HORIZON_INSUFFICIENT,0.0,4.828595967537544,4.5139377293585,1.7145568503825306,SAFE,0.12183220416774701,-0.18117823292334678
23.537907600402832,FAR_GUIDANCE,FAR_GUIDANCE,True,True,0.06547379493713379,0.06547379493713379,0.1134786605834961,0.049405574798583984,HORIZON_INSUFFICIENT,0.0,5.017425139159043,4.708712191238052,1.7327967356707716,SAFE,0.14317891685340584,-0.07315764831039681
23.58795666694641,FAR_GUIDANCE,FAR_GUIDANCE,True,True,0.06337237358093262,0.06337237358093262,0.11534976959228516,0.05450320243835449,HORIZON_INSUFFICIENT,0.0,5.20271193198243,4.901211641076111,1.7453755746464321,SAFE,0.18270772978126912,0.0562809356185029
23.637856483459473,FAR_GUIDANCE,FAR_GUIDANCE,True,True,0.06546163558959961,0.06546163558959961,0.1134493350982666,0.05089139938354492,HORIZON_INSUFFICIENT,0.0,5.3832044814707025,5.090312378759394,1.7514594988109589,SAFE,0.23477870670934833,0.19281411053211095
23.68801712989807,FAR_GUIDANCE,FAR_GUIDANCE,True,True,0.06342625617980957,0.06342625617980957,0.11543393135070801,0.055635690689086914,HORIZON_INSUFFICIENT,0.0,5.560380316399235,5.27725510128165,1.7516871464382147,SAFE,0.2991326108906482,0.3059801438264843
23.73795175552368,FAR_GUIDANCE,FAR_GUIDANCE,True,True,0.06546401977539062,0.06546401977539062,0.11348438262939453,0.054720401763916016,HORIZON_INSUFFICIENT,0.0,5.732580929430887,5.459899215510405,1.746993036317993,SAFE,0.3811678187765453,0.39056975937625515
23.78791856765747,FAR_GUIDANCE,FAR_GUIDANCE,True,True,0.06353545188903809,0.06353545188903809,0.06353545188903809,0.017982006072998047,HORIZON_INSUFFICIENT,0.0,5.897779287094814,5.636153533099019,1.7371165391590886,SAFE,0.48660829358904106,0.45201140761783565
23.83784055709839,FAR_GUIDANCE,FAR_GUIDANCE,True,True,0.06543922424316406,0.06543922424316406,0.06543922424316406,0.014653205871582031,HORIZON_INSUFFICIENT,0.0,6.0579473425813894,5.8071935847917695,1.7248851191433705,SAFE,0.6048188479644085,0.4885482606917573
23.88789987564087,FAR_GUIDANCE,FAR_GUIDANCE,True,True,0.11556601524353027,0.11556601524353027,0.11556601524353027,0.06477999687194824,HORIZON_INSUFFICIENT,0.0,6.214253079734234,5.973707054712065,1.712239867387078,SAFE,0.7286721311154101,0.5056748025877775
23.93782138824463,FAR_GUIDANCE,FAR_GUIDANCE,True,True,0.06549596786499023,0.06549596786499023,0.06549596786499023,0.015954017639160156,HORIZON_INSUFFICIENT,0.0,6.364827155004286,6.133986646341632,1.6985972258256186,SAFE,0.8619967223188895,0.5110024226974582
23.98791742324829,FAR_GUIDANCE,FAR_GUIDANCE,True,True,0.11554908752441406,0.11554908752441406,0.11554908752441406,0.06600713729858398,HORIZON_INSUFFICIENT,0.0,6.5039763362027365,6.2826496170722175,1.6822669143116056,SAFE,1.0154722897666604,0.5078185613917763
24.037810564041138,FAR_GUIDANCE,FAR_GUIDANCE,True,True,0.06531810760498047,0.06531810760498047,0.11330032348632812,0.04818844795227051,HORIZON_INSUFFICIENT,0.0,6.637733940761577,6.425118898257418,1.6665410320761964,SAFE,1.1709217522215691,0.4957605499459555
24.08791732788086,FAR_GUIDANCE,FAR_GUIDANCE,True,True,0.06355428695678711,0.06355428695678711,0.06355428695678711,0.011588096618652344,HORIZON_INSUFFICIENT,0.0,6.767794671769556,6.563014317612358,1.6522372063501014,SAFE,1.322582012310743,0.47890168142249695
24.13786745071411,FAR_GUIDANCE,FAR_GUIDANCE,True,True,0.06542205810546875,0.06542205810546875,0.06542205810546875,0.01315927505493164,HORIZON_INSUFFICIENT,0.0,6.890315626467318,6.692783094199388,1.6380182802211263,SAFE,1.4780722502979318,0.45873916407483306
24.187885522842407,FAR_GUIDANCE,FAR_GUIDANCE,True,True,0.06348705291748047,0.06348705291748047,0.11549711227416992,0.06323432922363281,HORIZON_INSUFFICIENT,0.0,6.998851537165685,6.808204866719726,1.6224269882063467,SAFE,1.64858476148056,0.43611213441319957
24.237862586975098,FAR_GUIDANCE,FAR_GUIDANCE,True,True,0.06741547584533691,0.06741547584533691,0.06741547584533691,0.009195804595947266,HORIZON_INSUFFICIENT,0.0,7.10158930972851,6.91712878210793,1.6080734236297545,SAFE,1.8167545516390402,0.4109906430631781
24.287935972213745,FAR_GUIDANCE,FAR_GUIDANCE,True,True,0.1155698299407959,0.1155698299407959,0.1155698299407959,0.05735015869140625,HORIZON_INSUFFICIENT,0.0,7.202279610153677,7.023297101756783,1.595659551185705,SAFE,1.974812466567498,0.38740781600633634
24.337809562683105,FAR_GUIDANCE,FAR_GUIDANCE,True,True,0.06540250778198242,0.06540250778198242,0.11341094970703125,0.046651363372802734,CAPTURE_GEOMETRY,0.0,7.29364252578311,7.119732048955812,1.5832361936815698,SAFE,2.136094808237387,0.36392087065270345
24.387922048568726,FAR_GUIDANCE,FAR_GUIDANCE,True,True,0.06514191627502441,0.06514191627502441,0.06514191627502441,0.008275747299194336,CAPTURE_GEOMETRY,0.0,7.368784622293143,7.199589108089404,1.5700011096888855,SAFE,2.3087956797091755,0.33885492178933224
24.437843561172485,FAR_GUIDANCE,FAR_GUIDANCE,True,True,0.06550765037536621,0.06550765037536621,0.06550765037536621,0.01181793212890625,CAPTURE_GEOMETRY,0.0,7.438124485483494,7.2732204583782565,1.557549365309835,SAFE,2.4774543298993836,0.3139533167458046
24.48790144920349,FAR_GUIDANCE,FAR_GUIDANCE,True,True,0.0635373592376709,0.0635373592376709,0.11551976203918457,0.06183004379272461,CAPTURE_GEOMETRY,0.0,7.506607431283311,7.345611386333432,1.5463338864444753,SAFE,2.635824402088674,0.29105665306942274
